n_rows,n_cols,log_n_rows,log_n_cols,rows_cols_ratio,missing_ratio,duplicate_ratio,numeric_ratio,categorical_ratio,temporal_present,skewness_mean,skewness_std,kurtosis_mean,kurtosis_std,outlier_ratio_mean,target_skewness,class_imbalance,n_classes,corr_mean_abs,corr_max_abs,high_corr_pair_count,vif_max,is_stationary,adf_pvalue,trend_strength,seasonality_strength,dt_cv_score,dt_train_time,linear_cv_score,linear_train_time,dt_linear_gap,dt_depth_used,linear_coef_std,lm_1nn,lm_naive_bayes,lm_tiny_dt,lm_linear,lm_baseline,lm_best,lm_nonlinear_advantage,lm_spread,best_algorithm,task_type,openml_did,dataset_name,algo_scores
5326,5,8.580543506917,3.2188758248682006,37.641673723279126,0.14439975445336495,0.046927635450787514,0.30054513608871003,0.39688462371648703,1.0,1.234963019255433,0.6116531604882809,-0.9576021686816956,0.046124850082831514,0.07871619903875837,-0.4005561131389781,0.31858257107591914,3.0,0.023332831606807714,0.9718913080006069,2.0,5.0,1.0,0.38246199126716274,0.8849077972261093,0.0,0.7100433019615909,1.721281409405278,0.7401537692938899,0.45599425944984756,-0.00036790492210997394,3.0,1.8977710745066665,-0.06092608308214022,0.38625281322982374,0.05000338627267927,0.03998996632720116,0.0,0.05000338627267927,-0.00036790492210997394,0.24251920443493832,logistic_regression,classification,-1,synthetic_0,"{""random_forest"": 0.4537, ""xgboost"": 0.7763, ""gradient_boosting"": 0.6421, ""logistic_regression"": 0.4671, ""lasso"": 0.6723, ""knn"": 0.4189, ""decision_tree"": 0.9001, ""svm"": 0.5423}"
3561,12,8.178077463849608,3.6635616461296463,302.9709896174317,0.18437484700462337,0.004424625102595975,0.4371880036934016,0.018090915564215226,1.0,0.6506606615265287,0.388677289689482,0.6280941906433755,1.6574750183038587,0.05351299900403839,-0.876261961250477,0.0,0.0,0.27134804157912423,0.3972377152325862,4.0,5.0,-1.0,0.07455064367977082,0.8881982429404656,0.028181963210002724,0.8475101461834957,0.4054442062530031,0.4027610585618012,0.8173068141702858,0.2300178274831856,2.0,1.4226839054973,0.5422915660730137,0.31607021621248227,0.15741394667941797,0.3369139098379994,0.0,0.5422915660730137,0.2300178274831856,0.1817879924343034,random_forest,regression,-1,synthetic_1,"{""random_forest"": 0.7581, ""xgboost"": 0.9032, ""gradient_boosting"": 0.8675, ""logistic_regression"": 0.6472, ""lasso"": 0.4525, ""knn"": 0.604, ""decision_tree"": 0.7679, ""svm"": 0.7663}"
1670,17,7.421177528595393,3.367295829986474,22.455372104606642,0.02157828539866089,0.0015714592843367127,0.7454872878846462,0.12574239243053068,1.0,1.0171413823294055,0.907566473926093,0.49575337489324967,0.8207658460712595,0.1133326707814573,-1.0848073380335101,0.10381741067223577,2.0,0.038489954914396496,0.4999285025104999,3.0,15.0,-1.0,0.9296976523425731,0.7273083416079753,0.6847065437552077,0.7850316904296906,1.7442065744735582,0.8018360384495573,0.1947043582971755,0.17303823016618175,7.0,1.7665605178377366,0.39575780723848264,0.12973800840210958,0.1829564902836979,0.2245108790277985,0.0,0.39575780723848264,0.17303823016618175,0.036626386410202,xgboost,classification,-1,synthetic_2,"{""random_forest"": 0.8988, ""xgboost"": 0.5497, ""gradient_boosting"": 0.7562, ""logistic_regression"": 0.4003, ""lasso"": 0.5939, ""knn"": 0.5676, ""decision_tree"": 0.4906, ""svm"": 0.6937}"
5453,14,8.604104563405533,1.6094379124341003,359.0125890629766,0.02961738599067998,0.04988702425244709,0.4867467099926995,0.3906459823330612,0.0,0.8220740266364626,0.033050732900548385,1.0704274881600977,1.2687026894027276,0.10210581773321502,0.12373833326854555,0.0,0.0,0.22389158228654582,0.6814962314592162,3.0,50.0,0.0,0.08085332633271525,0.332689010455264,0.2908826388186797,0.6089719722248417,1.6082481151959929,0.6351503172230193,0.9835889094858945,0.08786397708718657,7.0,1.071549368149517,0.37361240857523337,0.03611590802176332,0.24605663561331223,0.20751624869734644,0.0,0.37361240857523337,0.08786397708718657,0.2505907486767714,logistic_regression,regression,-1,synthetic_3,"{""random_forest"": 0.6795, ""xgboost"": 0.7827, ""gradient_boosting"": 0.8721, ""logistic_regression"": 0.5793, ""lasso"": 0.5211, ""knn"": 0.7911, ""decision_tree"": 0.8452, ""svm"": 0.5918}"
2059,32,7.630461261783627,3.6375861597263857,121.98951068067683,0.034990985419187236,0.04910841716647178,0.66164512388971,0.10433166993216361,1.0,1.9925073995158487,0.9654193512887936,2.3497607216425855,1.7652726863786794,0.028306066251206907,-0.8845145896312725,0.0,0.0,0.35017891498638565,0.8841961881444311,3.0,50.0,1.0,0.8870864242651173,0.7018879912718615,0.0,0.7889142407694294,0.17743853034014717,0.4808143570473069,0.8995686466418085,-0.22305875912686338,5.0,1.1613732428729093,-0.20721304608527794,0.14891310662469723,0.32364276639749695,0.055008377658397306,0.0,0.32364276639749695,-0.22305875912686338,0.2820400327373335,logistic_regression,regression,-1,synthetic_4,"{""random_forest"": 0.5562, ""xgboost"": 0.568, ""gradient_boosting"": 0.6671, ""logistic_regression"": 0.6466, ""lasso"": 0.947, ""knn"": 0.4968, ""decision_tree"": 0.4099, ""svm"": 0.6716}"
5611,32,8.632662441222351,2.3978952727983707,319.2579267386588,0.1589622607083297,0.025131854655259606,0.7038327192384514,0.19700707752754557,1.0,0.390485975596089,0.7224521152615053,0.6846341746451348,0.04863193286290768,0.09682084438607517,-1.2915572823718042,0.3459258015351545,3.0,0.47022929217645715,0.9582107181317852,4.0,5.0,-1.0,0.883494022266259,0.6729468965076726,0.08430729104528323,0.9288823311607789,0.6681931062943223,0.676382483417745,0.5765695444791299,-0.15694183262293693,5.0,1.7060189109347201,-0.025958587209447298,0.11777955682783428,0.0928208286886039,0.1470863212237734,0.0,0.1470863212237734,-0.15694183262293693,0.11552931858057758,knn,classification,-1,synthetic_5,"{""random_forest"": 0.5743, ""xgboost"": 0.4932, ""gradient_boosting"": 0.7062, ""logistic_regression"": 0.9149, ""lasso"": 0.7828, ""knn"": 0.7135, ""decision_tree"": 0.4534, ""svm"": 0.7383}"
254,28,5.541263545158426,3.6375861597263857,135.54140236128444,0.12230274217313611,0.004079709020012018,0.3036294039417907,0.25115776597945444,1.0,0.3885479070240845,0.07094091699992766,1.3807029632833303,0.10153706207879387,0.13299257234259898,-1.8895329125051812,0.0,0.0,0.28943244775377935,0.60254714488248,2.0,1.0,-1.0,0.46559801813246016,0.488380171236819,0.763802815432207,0.628943563457728,1.1857581885323314,0.41525012496952474,0.046974706861722275,0.49204308008341063,7.0,0.6065310293464456,0.5691803145846588,0.21483297087866218,0.10377855027672947,0.05464853257681153,0.0,0.5691803145846588,0.49204308008341063,0.09799537253881226,gradient_boosting,regression,-1,synthetic_6,"{""random_forest"": 0.5493, ""xgboost"": 0.9309, ""gradient_boosting"": 0.6515, ""logistic_regression"": 0.8631, ""lasso"": 0.5069, ""knn"": 0.6262, ""decision_tree"": 0.7847, ""svm"": 0.4761}"
5325,28,8.580355766373877,3.6888794541139363,100.32350042237132,0.016174593323439537,0.02141572374700539,0.7819499305357565,0.023277438203377444,1.0,1.830427455252961,0.44235222973110444,0.4387241549444194,0.1877465801625835,0.027429899566096098,1.738455989358839,0.0,0.0,0.3191352969216752,0.6565204176243309,4.0,15.0,1.0,0.6117207462343522,0.37764005618501095,0.0,0.6114789452755208,0.7183856305160106,0.7789230552321846,0.02424955374345831,-0.19380366220562412,7.0,0.18359813162688376,0.003475455493503643,0.03766279530742405,0.15363999724697264,0.10833290050482969,0.0,0.15363999724697264,-0.19380366220562412,0.09342399281738825,logistic_regression,regression,-1,synthetic_7,"{""random_forest"": 0.4964, ""xgboost"": 0.4094, ""gradient_boosting"": 0.8199, ""logistic_regression"": 0.8438, ""lasso"": 0.5905, ""knn"": 0.6556, ""decision_tree"": 0.7574, ""svm"": 0.4264}"
3351,26,8.117312461601975,2.9444389791664403,324.78544632109464,0.005302262108324363,0.029288779063673165,0.9581611689974703,0.2301896711503516,1.0,0.7763398524130438,0.6432882184423532,1.7495173429490998,1.0912335786318699,0.14121972131647878,-0.455589448796903,0.0,0.0,0.4805952819119571,0.9246919429496838,3.0,5.0,1.0,0.27396112732113376,0.19313020773753672,0.0,0.6697665874525891,0.08753663329736491,0.7091269421689465,0.3431886727398392,0.45931658527310876,3.0,0.6379512605875226,0.6808198641436701,0.3379501243877818,0.05702704947850039,0.2012545034320351,0.0,0.6808198641436701,0.45931658527310876,0.0069815807207477595,random_forest,regression,-1,synthetic_8,"{""random_forest"": 0.555, ""xgboost"": 0.465, ""gradient_boosting"": 0.7832, ""logistic_regression"": 0.7459, ""lasso"": 0.8826, ""knn"": 0.8043, ""decision_tree"": 0.8419, ""svm"": 0.5551}"
6435,25,8.769662508112274,3.5553480614894135,430.6222484030758,0.08579880547500368,0.03754355338957487,0.8281800118592777,0.04124954753437304,1.0,1.8051058133591333,0.5052523724478571,3.9587447966464495,0.6400992020612235,0.13432848427443006,-0.44319328506334754,0.3792414898848381,2.0,0.00541882574014918,0.9247135637292918,3.0,1.0,1.0,0.3549051904627206,0.8611207966138107,0.0,0.8045464569909364,0.9702166897888586,0.6465128288859026,0.09245156708330704,-0.15804836497622174,6.0,0.5864215433961291,-0.012554876541789016,0.1314658181479664,0.20319040432036845,0.10000657968644187,0.0,0.20319040432036845,-0.15804836497622174,0.2017555368231115,lasso,classification,-1,synthetic_9,"{""random_forest"": 0.8354, ""xgboost"": 0.8343, ""gradient_boosting"": 0.4502, ""logistic_regression"": 0.6719, ""lasso"": 0.4317, ""knn"": 0.7022, ""decision_tree"": 0.6428, ""svm"": 0.8882}"
6831,4,8.829372735468406,2.0794415416798357,261.52982265927255,0.04664561448490556,0.029065270861339115,0.9041969653923028,0.35214398745536674,1.0,0.4733703873641575,0.9076937063485463,2.551332432927706,0.7004364934006271,0.10622717933747997,-0.07333204814353866,0.4266337434068182,2.0,0.18899379506112723,0.7865082113646953,1.0,15.0,-1.0,0.906354385094736,0.1000777340755362,0.7546326873875866,0.7216812969308866,0.032593753087163946,0.6343303209970632,0.06574024292501897,-0.019267989958337006,5.0,1.5343897062171434,0.12589648637084627,0.3291161407506773,0.3121639180718718,0.17043659001877645,0.0,0.3121639180718718,-0.019267989958337006,0.22326349708298937,lasso,classification,-1,synthetic_10,"{""random_forest"": 0.5306, ""xgboost"": 0.6201, ""gradient_boosting"": 0.6627, ""logistic_regression"": 0.4456, ""lasso"": 0.6906, ""knn"": 0.64, ""decision_tree"": 0.8412, ""svm"": 0.9378}"
4275,16,8.360773272144936,2.8903717578961645,232.72512173620888,0.12551161601681268,0.029215715596155014,0.9308106073436921,0.018178552136583148,1.0,0.5619263791844606,0.9504114840765587,4.341582703345498,0.9113135055714259,0.0930198896702305,-0.8904752680754693,0.49683415825368515,2.0,0.09406057986188066,0.6199518994085876,1.0,1.0,-1.0,0.22939474570494967,0.23934413246781508,0.49846885596118873,0.6621552928423707,0.5273002270799828,0.6266204234144155,0.041992791598553965,0.14480403091406768,2.0,0.6190552325726555,0.4646857709407792,0.3255180078827795,0.18308424545955207,0.3877210142476396,0.0,0.4646857709407792,0.14480403091406768,0.20541935176616377,lasso,classification,-1,synthetic_11,"{""random_forest"": 0.4733, ""xgboost"": 0.4419, ""gradient_boosting"": 0.9173, ""logistic_regression"": 0.6292, ""lasso"": 0.7196, ""knn"": 0.9055, ""decision_tree"": 0.4455, ""svm"": 0.8822}"
1115,29,7.017506142941256,2.772588722239781,41.12079649910066,0.007364373527198276,0.00669260594003166,0.3095703753788981,0.030143624140984926,1.0,1.383428794337824,0.5343462750294631,3.499464496819831,1.8263315045152857,0.08777242984882079,0.9044833762873923,0.0,0.0,0.37854060102122794,0.5607168790002925,4.0,15.0,-1.0,0.4505441353100935,0.11624347363634549,0.88854851638345,0.929322962266425,1.2162875225572514,0.5143214027517313,0.6749836775617981,0.1412702980352561,3.0,0.716325436065681,0.1157803280221235,0.04542303687985161,0.3394700392351111,0.06016675644141128,0.0,0.3394700392351111,0.1412702980352561,0.20147195867783987,xgboost,regression,-1,synthetic_12,"{""random_forest"": 0.6619, ""xgboost"": 0.8573, ""gradient_boosting"": 0.5693, ""logistic_regression"": 0.849, ""lasso"": 0.9324, ""knn"": 0.4486, ""decision_tree"": 0.8355, ""svm"": 0.7245}"
1352,36,7.210079628170788,3.044522437723423,202.19958209886883,0.08749498440474582,0.045207934724687426,0.5437788269163102,0.20559579566392433,0.0,1.5673060254822861,0.39654278232127016,2.732520201367241,1.7247274174934903,0.1424280935486463,-1.4117060762838483,0.3668358956446506,2.0,0.4632938125807472,0.6395602422248814,3.0,1.0,0.0,0.06623597785186586,0.041275139764169654,0.1227343280280928,0.779362557989941,0.7013526823685743,0.5045653955392571,0.583853435127021,0.08403677361478012,4.0,0.15172665621732784,0.15754825859020355,0.051551888764259694,0.12270564558230894,0.005817866267152772,0.0,0.15754825859020355,0.08403677361478012,0.03841375168733173,decision_tree,classification,-1,synthetic_13,"{""random_forest"": 0.6202, ""xgboost"": 0.7837, ""gradient_boosting"": 0.499, ""logistic_regression"": 0.7831, ""lasso"": 0.6264, ""knn"": 0.8809, ""decision_tree"": 0.6834, ""svm"": 0.9352}"
5224,16,8.561210076833012,3.367295829986474,348.293466028389,0.007862427968219787,0.039970519945452136,0.7395302726436355,0.032703612779548766,1.0,1.7471572482135544,0.9208724005318132,-0.6335322408708175,0.5537552962944075,0.1209301919689592,0.9930387615346334,0.0,0.0,0.09226050967818866,0.4444510331023301,1.0,1.0,-1.0,0.7599554089375856,0.47813917857618066,0.028624213336648618,0.8242322276261591,0.13405931139737048,0.47386954595311337,0.14178575930160348,0.1815483164327682,4.0,1.7904136753743987,0.2937416021232345,0.20467097684626645,0.312976042013574,0.21948612368296347,0.0,0.312976042013574,0.1815483164327682,0.15963404557959468,xgboost,regression,-1,synthetic_14,"{""random_forest"": 0.6461, ""xgboost"": 0.6929, ""gradient_boosting"": 0.5334, ""logistic_regression"": 0.5481, ""lasso"": 0.6075, ""knn"": 0.411, ""decision_tree"": 0.5771, ""svm"": 0.5163}"
6388,38,8.762333040602343,3.2188758248682006,297.55214783023075,0.149087894836866,0.02158297731148397,0.38930621195689463,0.1135103623194898,1.0,0.7261645927972702,0.6459172413316012,2.4246698280134713,0.7121934517956925,0.14797728731894694,0.4230992774275486,0.0,0.0,0.11861339586799724,0.3702299061080786,3.0,5.0,-1.0,0.8508175178361462,0.07909886208612948,0.3195938729513743,0.8626391990335145,0.12075044382038091,0.8211570176490908,0.06111912309576771,-0.03800211825766825,6.0,1.9647572338172128,0.24717408039853694,0.04481556086722094,0.16785373561398756,0.2595291361166304,0.0,0.2595291361166304,-0.03800211825766825,0.11935667971372249,knn,regression,-1,synthetic_15,"{""random_forest"": 0.876, ""xgboost"": 0.8494, ""gradient_boosting"": 0.5418, ""logistic_regression"": 0.494, ""lasso"": 0.7678, ""knn"": 0.9112, ""decision_tree"": 0.7062, ""svm"": 0.7144}"
6569,39,8.790269111478656,2.6390573296152584,466.6870277058977,0.06412843843190286,0.02969415487789494,0.5584613370569272,0.18170718888763987,1.0,1.0972062358763064,0.5489219798889773,0.21038277398141503,1.3691430957596666,0.013180216686398521,-1.4447009062319185,0.3699286154765367,5.0,0.0013554497071648353,0.3805202842577601,2.0,1.0,1.0,0.3488682665429953,0.8365762298230432,0.0,0.8737787335044781,1.93040355222636,0.4621486117427724,0.7335588004516078,-0.07601672507177265,2.0,0.4100036201064745,0.3108311649800028,0.15169143398552018,0.26872282550499355,0.2944988734793953,0.0,0.3108311649800028,-0.07601672507177265,0.27793482707691336,lasso,classification,-1,synthetic_16,"{""random_forest"": 0.4265, ""xgboost"": 0.8298, ""gradient_boosting"": 0.8554, ""logistic_regression"": 0.8128, ""lasso"": 0.8397, ""knn"": 0.8538, ""decision_tree"": 0.5025, ""svm"": 0.5296}"
700,35,6.55250788703459,3.258096538021482,224.98489094028614,0.11549725418122514,0.017768122590919793,0.5740374771410512,0.2127429918752696,1.0,0.13323822478163394,0.22902539092479635,2.2570958636804535,0.8630562862728852,0.04992236788687264,0.9221965472372058,0.2266002983401859,3.0,0.3468588037016692,0.41504422439543437,4.0,15.0,1.0,0.49542362640396564,0.6673148200251409,0.0,0.7579178821658249,1.9954083056884482,0.7762015600194114,0.7099106566310245,0.20700685097614185,4.0,1.487892585145354,0.3959585778719508,0.013412973894311753,0.13193055029871764,0.17565396342808737,0.0,0.3959585778719508,0.20700685097614185,0.17096690546139495,random_forest,classification,-1,synthetic_17,"{""random_forest"": 0.8822, ""xgboost"": 0.5881, ""gradient_boosting"": 0.8517, ""logistic_regression"": 0.4608, ""lasso"": 0.8655, ""knn"": 0.4701, ""decision_tree"": 0.6185, ""svm"": 0.8385}"
2991,8,8.003697339094368,2.3978952727983707,217.56246258603662,0.057585923295145225,0.030747513157632723,0.9382966861900752,0.05564647765722475,1.0,0.201589206031773,0.2560155318536622,3.3565735163744046,1.1859258105176431,0.015331899633779938,1.675002089042986,0.055491382543120034,3.0,0.39504231856204336,0.3158855973034699,1.0,5.0,-1.0,0.771246668519738,0.33699183274837985,0.5089575125906765,0.5310146927152485,0.16386892032268666,0.45212348302590477,0.8420352356606187,-0.18006605812098098,4.0,0.9016787428082642,0.1655042742032906,0.0452952183363021,0.3356761780974097,0.28647162989318087,0.0,0.3356761780974097,-0.18006605812098098,0.29545235968870037,knn,classification,-1,synthetic_18,"{""random_forest"": 0.4686, ""xgboost"": 0.9065, ""gradient_boosting"": 0.8784, ""logistic_regression"": 0.6854, ""lasso"": 0.7252, ""knn"": 0.6195, ""decision_tree"": 0.4301, ""svm"": 0.5844}"
5132,29,8.543445562560303,3.6109179126442243,460.0428152202576,0.11741364482731345,0.0016423335121719175,0.9389246240153901,0.09929057710286077,1.0,1.1552639081830944,0.16551331742797382,-0.7967250385204301,0.6229463422655148,0.11707435613191314,-0.8896513094823275,0.0,0.0,0.11004860704054853,0.4467497411954461,0.0,5.0,-1.0,0.17803596686975143,0.8649632857225097,0.7771663265516613,0.5668982274889008,0.8351020062167772,0.44267483403932195,0.9969055093274879,0.34228275887840925,2.0,0.5991918235329541,0.7293754438658706,0.12397477050744438,0.1629950428115846,0.36918409271939395,0.0,0.7293754438658706,0.34228275887840925,0.11919543463727936,xgboost,regression,-1,synthetic_19,"{""random_forest"": 0.8399, ""xgboost"": 0.5922, ""gradient_boosting"": 0.6575, ""logistic_regression"": 0.7437, ""lasso"": 0.6077, ""knn"": 0.8601, ""decision_tree"": 0.7231, ""svm"": 0.5617}"
6745,35,8.816705015621595,3.258096538021482,489.676403451821,0.1679577718913141,0.043349688000576175,0.5855891467553913,0.2206890381037359,0.0,0.5077771280866086,0.1961130996934528,2.0330472746362025,1.1900979594008412,0.05089068688442864,0.2777740710540013,0.2303433773938967,2.0,0.4437302412567515,0.6841378935005226,1.0,5.0,0.0,0.8053149673579051,0.8898559037598985,0.13971622133764125,0.7714388309796407,1.6156317964355462,0.8813246592774373,0.9449656283215007,0.2712473598318626,7.0,0.40996859083164194,0.27364302729408,0.11725909210440531,0.2253998401336555,0.07277125219810845,0.0,0.27364302729408,0.2712473598318626,0.2689007455563359,xgboost,classification,-1,synthetic_20,"{""random_forest"": 0.447, ""xgboost"": 0.5143, ""gradient_boosting"": 0.4146, ""logistic_regression"": 0.4998, ""lasso"": 0.7207, ""knn"": 0.6318, ""decision_tree"": 0.891, ""svm"": 0.8496}"
1509,11,7.31986492980897,3.6109179126442243,431.92332978761357,0.04390210501619174,0.0487273632599435,0.8458311423516216,0.04569517036815873,1.0,1.131553239933121,0.9853673122417347,1.8263927161628866,0.3642142776431665,0.07271675507255192,0.04983062352768641,0.0,0.0,0.3708434721143328,0.782203638681024,0.0,1.0,-1.0,0.2578876854332023,0.1254204666655417,0.7475890559087248,0.8757186065596846,1.9689603396000688,0.6628450911513429,0.17996249298982048,-0.0265461186416992,6.0,0.03678135309493347,0.07263990493126726,0.3657195226241996,0.2708420831204691,0.13807685795251023,0.0,0.2708420831204691,-0.0265461186416992,0.03532532486704234,lasso,regression,-1,synthetic_21,"{""random_forest"": 0.5507, ""xgboost"": 0.7048, ""gradient_boosting"": 0.7583, ""logistic_regression"": 0.8564, ""lasso"": 0.5135, ""knn"": 0.406, ""decision_tree"": 0.4753, ""svm"": 0.895}"
6511,3,8.781401907682376,3.6635616461296463,387.78310351238446,0.013649941070818317,0.04185394953515147,0.6060353774500704,0.36620547091676564,0.0,1.4430657222438112,0.6104046670079576,4.695840782346594,0.7932987461041086,0.14311304048094495,-1.4599948903151723,0.2724232325622221,2.0,0.24187747096620638,0.48623874345061446,3.0,5.0,0.0,0.1620138778915846,0.7573766942790391,0.7542962668604662,0.8808835321915507,1.9109202623197232,0.47733607044161813,0.6270992253959409,0.3991120620500122,3.0,0.2131965062675436,0.5399294206292994,0.030055112694323507,0.1238549817964373,0.16175260061960972,0.0,0.5399294206292994,0.3991120620500122,0.218456626861081,xgboost,classification,-1,synthetic_22,"{""random_forest"": 0.7786, ""xgboost"": 0.6392, ""gradient_boosting"": 0.5355, ""logistic_regression"": 0.8505, ""lasso"": 0.8397, ""knn"": 0.7821, ""decision_tree"": 0.5497, ""svm"": 0.7246}"
4190,21,8.340694647925071,2.3978952727983707,323.0851988137883,0.15180716910776998,0.03620516646365693,0.7460621058526408,0.3922307200719953,1.0,1.8067276252720499,0.6466649191171634,3.159051268741548,0.10319161331742,0.10048761968250587,-1.8233382491595993,0.40550610145633526,5.0,0.2941318784849655,0.989553914700426,1.0,5.0,-1.0,0.5679452305526295,0.8239394678292377,0.46917060067221245,0.5152756903636094,1.3978663318212114,0.5486745036862755,0.9251522334227651,-0.01122088244797853,3.0,0.843525319461025,0.09620759271317823,0.318136735183639,0.33535977755137564,0.03468208474487344,0.0,0.33535977755137564,-0.01122088244797853,0.2235193644360661,logistic_regression,classification,-1,synthetic_23,"{""random_forest"": 0.6503, ""xgboost"": 0.6873, ""gradient_boosting"": 0.7545, ""logistic_regression"": 0.7576, ""lasso"": 0.6006, ""knn"": 0.7084, ""decision_tree"": 0.6646, ""svm"": 0.8867}"
7226,4,8.885579291282982,3.6375861597263857,436.34844821145566,0.0042538821700774275,0.04373508363420997,0.6702559938190484,0.3756270794051585,0.0,1.5975664715473308,0.9979341105333375,1.104270892710261,1.5343765778622538,0.06028963704138632,-0.08049751878436462,0.0,0.0,0.31375273160918504,0.9028372087885737,0.0,1.0,0.0,0.7682734138645182,0.3759901039506004,0.4855421631378035,0.6896106510246816,1.477788780161894,0.5193885728841512,0.1193693720000807,0.12421210610792016,7.0,0.5940057529097644,0.49209359901693733,0.3411287286767606,0.3100922118826655,0.31628926593558543,0.0,0.49209359901693733,0.12421210610792016,0.21466599457027258,lasso,regression,-1,synthetic_24,"{""random_forest"": 0.4232, ""xgboost"": 0.4098, ""gradient_boosting"": 0.9432, ""logistic_regression"": 0.6353, ""lasso"": 0.6114, ""knn"": 0.7738, ""decision_tree"": 0.52, ""svm"": 0.9225}"
4905,6,8.498214224818435,2.3978952727983707,471.93856932621156,0.1299293297984737,0.030386839743942958,0.658881957711556,0.09226792468710349,1.0,0.3530560640110165,0.22048620907017535,0.11862957286552711,1.5591689471335066,0.05251878887500951,-1.7686292937464145,0.4478895401591763,5.0,0.48455131507040566,0.9098122606247636,2.0,5.0,-1.0,0.597274072430341,0.4725283507742414,0.8133515704577434,0.6171050155781873,1.0353433693863046,0.6455931704343133,0.9963724180486571,0.32907601153244165,4.0,1.6316662499812356,0.6504719568059367,0.08977622873466427,0.26017348801276846,0.3956739639253436,0.0,0.6504719568059367,0.32907601153244165,0.06714528444678693,xgboost,classification,-1,synthetic_25,"{""random_forest"": 0.7261, ""xgboost"": 0.719, ""gradient_boosting"": 0.4503, ""logistic_regression"": 0.8826, ""lasso"": 0.5461, ""knn"": 0.4712, ""decision_tree"": 0.8888, ""svm"": 0.9256}"
4235,15,8.351374706721296,3.4339872044851463,47.30412115024709,0.17024138280975376,0.024757326350698716,0.6364106041286536,0.23696311386380706,1.0,1.6493619318502983,0.34780920790219305,3.0680969153543813,1.1314639279915821,0.0400542405254132,1.514519945420632,0.3808456945355537,5.0,0.39871301080346405,0.7543317659143136,0.0,1.0,1.0,0.15734065970252598,0.14436009479706488,0.0,0.650303995435357,0.48499316228902484,0.8650451752548693,0.11477575289029815,0.3897020938123606,4.0,1.5054332791152825,0.4930413396202171,0.06344204211722948,0.3367426904072174,0.10105963758435405,0.0,0.4930413396202171,0.3897020938123606,0.26426122775967853,random_forest,classification,-1,synthetic_26,"{""random_forest"": 0.4161, ""xgboost"": 0.8542, ""gradient_boosting"": 0.4709, ""logistic_regression"": 0.5843, ""lasso"": 0.8089, ""knn"": 0.4884, ""decision_tree"": 0.8499, ""svm"": 0.8577}"
5443,26,8.602269363771356,3.6375861597263857,72.93987186566378,0.05666858965311632,0.0009213859369108735,0.6025685487247585,0.33604860109648754,1.0,0.7843024228903932,0.1794973234238334,3.522193004303115,1.5776139637414885,0.026063021296135018,1.0834164341639592,0.0,0.0,0.473648944128169,0.4148005349832679,3.0,1.0,-1.0,0.0673506014687717,0.5239534141586459,0.5038598810779465,0.6556473756288306,1.2456218803572794,0.42287101690625645,0.8728214380908526,0.10597418700866901,6.0,0.8919166140206429,0.12076212322707469,0.25902945736076305,0.13184337669537954,0.046337542712103066,0.0,0.13184337669537954,0.10597418700866901,0.1783187577685636,logistic_regression,regression,-1,synthetic_27,"{""random_forest"": 0.4135, ""xgboost"": 0.4122, ""gradient_boosting"": 0.578, ""logistic_regression"": 0.6688, ""lasso"": 0.8237, ""knn"": 0.7758, ""decision_tree"": 0.6452, ""svm"": 0.5505}"
6640,5,8.801017833540714,2.995732273553991,481.9859601856646,0.006260462749503249,0.03656350334868428,0.9366671576634729,0.3429440368369995,0.0,1.929040944540417,0.7600940784380972,1.6537925742854616,0.6239039809902609,0.04811141106571912,0.8976906904564679,0.2871608432953379,3.0,0.37291850601548215,0.4382478090486117,0.0,15.0,0.0,0.651666825375885,0.331673709351385,0.26853698789099334,0.8889612124278367,0.9516877143161987,0.8840967139573609,0.19367026054608993,0.49769960012616893,2.0,0.18232898081238336,0.7975066252898164,0.06146321526444507,0.04596729424328232,0.3359788658689888,0.0,0.7975066252898164,0.49769960012616893,0.1361080903815848,xgboost,classification,-1,synthetic_28,"{""random_forest"": 0.4098, ""xgboost"": 0.8382, ""gradient_boosting"": 0.5618, ""logistic_regression"": 0.9015, ""lasso"": 0.9321, ""knn"": 0.502, ""decision_tree"": 0.6542, ""svm"": 0.4007}"
1975,26,7.588829878307813,2.3978952727983707,162.07735987255114,0.09104402981636024,0.0005810269954050318,0.3507128214561912,0.15699742256267393,0.0,0.959877669434247,0.6000205481193037,0.7499754722558194,1.389963772253085,0.12901835957838068,1.1194039555733992,0.14023612701515153,2.0,0.019809412674178573,0.631549793607902,0.0,5.0,0.0,0.24204501586252747,0.8879963339404319,0.05778804336762068,0.5641229943056809,1.0027874253681985,0.7090778671590596,0.7054403208386629,0.17866181209794157,3.0,1.5516094715859121,0.44800764932658155,0.37649500169295463,0.09414769155228418,0.23278856076575952,0.0,0.44800764932658155,0.17866181209794157,0.02172488164390245,xgboost,classification,-1,synthetic_29,"{""random_forest"": 0.8854, ""xgboost"": 0.4454, ""gradient_boosting"": 0.8535, ""logistic_regression"": 0.5968, ""lasso"": 0.5772, ""knn"": 0.9376, ""decision_tree"": 0.5105, ""svm"": 0.7813}"
527,30,6.269096283706261,3.1354942159291497,176.33059434597496,0.16296502274930247,0.004005742319233757,0.9263716592423692,0.21903695046149452,1.0,1.6345955399249874,0.45231828451830014,2.86146617117915,1.0528053218722264,0.10973842826329978,-1.6734800718776417,0.0,0.0,0.0301760419952819,0.470501231467001,4.0,5.0,-1.0,0.4792789285762873,0.5541678197480185,0.635828153838211,0.648057847016598,0.9456633594663635,0.7721395327974778,0.8731144511833899,0.3571525824078932,6.0,1.3174155510017522,0.46038604654489357,0.1992782865812556,0.30483919331112996,0.012634457930256816,0.0,0.46038604654489357,0.3571525824078932,0.16660906528128935,random_forest,regression,-1,synthetic_30,"{""random_forest"": 0.5257, ""xgboost"": 0.948, ""gradient_boosting"": 0.9361, ""logistic_regression"": 0.7577, ""lasso"": 0.5097, ""knn"": 0.7741, ""decision_tree"": 0.4397, ""svm"": 0.4169}"
7105,26,8.868694776580972,3.5553480614894135,298.14860526413884,0.005878889151301459,0.019775758492450765,0.7243320994928201,0.23908942610234574,0.0,1.585912189211263,0.6550093388321085,4.952799898044034,0.56770905721729,0.05387265444993472,-0.4646113925288149,0.23715831476612337,5.0,0.23290640351012426,0.8768386640090344,0.0,15.0,0.0,0.1315676851272598,0.6442424682138798,0.5658883363853506,0.9090646342995384,0.3675693866517815,0.5187716624619388,0.9716811431012232,-0.09385368919102904,6.0,1.7087701867391583,0.21818271670986047,0.19691114257921394,0.2687033608233731,0.2941401194663011,0.0,0.2941401194663011,-0.09385368919102904,0.07416932232095311,logistic_regression,classification,-1,synthetic_31,"{""random_forest"": 0.6449, ""xgboost"": 0.6831, ""gradient_boosting"": 0.5976, ""logistic_regression"": 0.7261, ""lasso"": 0.4899, ""knn"": 0.6151, ""decision_tree"": 0.9332, ""svm"": 0.542}"
5643,14,8.638348312972704,3.4965075614664802,81.42071843992834,0.08988676704274755,0.02939421855551935,0.9640083483960036,0.10101111283016771,1.0,0.7185014958324911,0.3793585899224238,2.633228945869297,0.7134641060800033,0.08002678879495434,1.1271613193801175,0.22849689935460288,2.0,0.3526927970561018,0.607994366093684,3.0,1.0,-1.0,0.5399058395022125,0.03076898934524236,0.21120663443539597,0.9440118411607227,0.2547119089739572,0.5155654562138233,0.06117986886911169,0.22538933163303382,2.0,0.2442198280200536,0.482939461645744,0.18087961131337413,0.15707215084099105,0.3534838678643011,0.0,0.482939461645744,0.22538933163303382,0.28016250525837144,xgboost,classification,-1,synthetic_32,"{""random_forest"": 0.679, ""xgboost"": 0.4229, ""gradient_boosting"": 0.4816, ""logistic_regression"": 0.9426, ""lasso"": 0.9308, ""knn"": 0.4027, ""decision_tree"": 0.9235, ""svm"": 0.7515}"
6738,10,8.815666824946216,3.1780538303479458,56.01135073681501,0.13452042364502526,0.022187510965228557,0.9076995780642536,0.07085991577895437,0.0,1.385251904452329,0.8381152896481102,4.667685316844139,1.3664960565792916,0.0745762146012641,0.4713889608048554,0.2041940696544119,2.0,0.4344524922393591,0.6937207251807924,3.0,5.0,0.0,0.11310981907657303,0.7159593345267629,0.11316736062598395,0.9134050086470769,1.2052129896670098,0.8704376781690324,0.8285704948747586,0.3943346356160177,6.0,1.1543704734234963,0.41453185911594426,0.1394294668967882,0.050239826713787496,0.053085861527710956,0.0,0.41453185911594426,0.3943346356160177,0.04778623357284154,random_forest,classification,-1,synthetic_33,"{""random_forest"": 0.575, ""xgboost"": 0.8765, ""gradient_boosting"": 0.9463, ""logistic_regression"": 0.8138, ""lasso"": 0.4498, ""knn"": 0.5588, ""decision_tree"": 0.46, ""svm"": 0.7578}"
4214,27,8.346404870435956,3.1780538303479458,169.04705665113244,0.07329230697427958,0.01980863458046277,0.7868270446829035,0.1554232405081383,1.0,0.8973872452450613,0.23754413087432746,1.2395107497760405,0.45453925452630295,0.010979388565266545,0.4137943735255116,0.3930283106494771,3.0,0.3341063992775081,0.727448338746634,0.0,15.0,1.0,0.3797857801792298,0.7770002846146428,0.0,0.7335868033112981,0.9635719364831646,0.41282103290321787,0.3478353493498948,0.31215269164462783,5.0,0.2979837119403894,0.4788832382181747,0.21064951890758385,0.19057118428629732,0.1742333259251732,0.0,0.4788832382181747,0.31215269164462783,0.07382089763939947,xgboost,classification,-1,synthetic_34,"{""random_forest"": 0.6169, ""xgboost"": 0.7022, ""gradient_boosting"": 0.8108, ""logistic_regression"": 0.7935, ""lasso"": 0.6867, ""knn"": 0.8523, ""decision_tree"": 0.637, ""svm"": 0.8932}"
6023,6,8.703506769479729,3.4011973816621555,465.5068799367747,0.10645204266780804,0.029046602663139888,0.36273843740845946,0.2870543143634518,1.0,0.7998104136083124,0.9767252386625789,3.939044093573962,1.0449620810322366,0.018483398125824908,1.4376631731223566,0.07712032563030238,5.0,0.3998905477120108,0.4273637393805527,0.0,50.0,1.0,0.5673122196289035,0.2309065053312274,0.0,0.9333170938569109,0.9722558369726502,0.8029962748875791,0.5547242767346992,-0.24297578395586886,6.0,1.2663027511880447,-0.09604788638643798,0.3805613368826628,0.03549728995722578,0.14064907489585377,0.0,0.14064907489585377,-0.24297578395586886,0.18048354604389935,logistic_regression,classification,-1,synthetic_35,"{""random_forest"": 0.8863, ""xgboost"": 0.5254, ""gradient_boosting"": 0.5166, ""logistic_regression"": 0.736, ""lasso"": 0.6261, ""knn"": 0.8619, ""decision_tree"": 0.895, ""svm"": 0.5944}"
4245,7,8.353732642263202,3.6375861597263857,435.93721607901574,0.09457839312663643,0.026767905092133046,0.42491217565944045,0.12490871441951841,1.0,0.46049233685573987,0.20618616451842642,2.8277647598958207,0.5137676952914296,0.09480232290306277,-1.7661815435657844,0.43302841738374687,3.0,0.07088719676355093,0.4894327752600865,4.0,5.0,1.0,0.675841245087376,0.3984452701015744,0.0,0.700605911559753,1.45178853428325,0.40791054588279124,0.34767912422947833,-0.11050355282041432,7.0,0.20821929876833267,0.1849206843282527,0.28973552685149645,0.1483806845196557,0.32381199030737673,0.0,0.32381199030737673,-0.11050355282041432,0.1735160751019227,logistic_regression,classification,-1,synthetic_36,"{""random_forest"": 0.4437, ""xgboost"": 0.4471, ""gradient_boosting"": 0.8918, ""logistic_regression"": 0.5055, ""lasso"": 0.5779, ""knn"": 0.5247, ""decision_tree"": 0.5952, ""svm"": 0.4382}"
2664,5,7.887959336599945,3.2188758248682006,338.04860804711313,0.1988278722442335,0.03309195949246893,0.6904483921590174,0.2922602040956985,1.0,0.9304112245674363,0.060142342600785215,2.373780895267459,1.9152505690107604,0.026295441353648946,0.760019563282663,0.0,0.0,0.10046684432952824,0.669721102286426,0.0,5.0,-1.0,0.8218064439010868,0.0011130117834684983,0.24403269285016632,0.6353838987589648,1.9626603849451647,0.6374432717531093,0.38870101744156815,0.11524783272661632,5.0,1.9483292572560311,0.37398226196125567,0.008010542370329788,0.23804617588620797,0.2371247966613691,0.0,0.37398226196125567,0.11524783272661632,0.22115406750217292,svm,regression,-1,synthetic_37,"{""random_forest"": 0.697, ""xgboost"": 0.8631, ""gradient_boosting"": 0.6865, ""logistic_regression"": 0.743, ""lasso"": 0.449, ""knn"": 0.8154, ""decision_tree"": 0.4702, ""svm"": 0.8543}"
3825,3,8.249575150000199,2.6390573296152584,414.3901930341194,0.05594070769429585,0.04711935095511166,0.9113356632066933,0.06470568454084384,1.0,1.572551913514189,0.5745873823177666,2.3994521730285117,0.7820855261163489,0.07517294987730146,-0.41128489028315585,0.0,0.0,0.2698663093799714,0.7332855364131187,1.0,1.0,1.0,0.8680566901074503,0.7253328601058591,0.0,0.8555136963381775,0.6163114868051012,0.4404596415256261,0.40895037697750986,0.3256224701363088,3.0,0.3075822993360622,0.3854696838705657,0.0894457737985245,0.08366936626904295,0.13666980075876833,0.0,0.3854696838705657,0.3256224701363088,0.28719686636837616,xgboost,regression,-1,synthetic_38,"{""random_forest"": 0.913, ""xgboost"": 0.7163, ""gradient_boosting"": 0.6636, ""logistic_regression"": 0.5726, ""lasso"": 0.7335, ""knn"": 0.4766, ""decision_tree"": 0.894, ""svm"": 0.8561}"
7145,27,8.874308038583354,2.8903717578961645,481.9264046786952,0.10990590717900339,0.048291108057661,0.6027485148310924,0.12472645323410383,1.0,1.0122837256804882,0.4395116886329101,-0.3660118944295365,1.2816526293804125,0.03240572737643994,0.47835181959131834,0.0,0.0,0.3251005461990767,0.4048971486587672,2.0,1.0,1.0,0.5644410906788825,0.17260421003267454,0.0,0.5952899077994652,0.9743571581675408,0.7771267721719315,0.6233027738935119,-0.045974841698610325,2.0,0.8606743550178424,-0.07823834655334794,0.06826590341999937,0.009034167432320444,0.027268923754197427,0.0,0.027268923754197427,-0.045974841698610325,0.02238894430112451,lasso,regression,-1,synthetic_39,"{""random_forest"": 0.546, ""xgboost"": 0.4978, ""gradient_boosting"": 0.7804, ""logistic_regression"": 0.7399, ""lasso"": 0.7483, ""knn"": 0.5259, ""decision_tree"": 0.528, ""svm"": 0.5214}"
4617,39,8.43771698991444,3.2188758248682006,482.27291498635196,0.049716051542988415,0.006690186813974436,0.5930064351367547,0.3161350943440593,0.0,1.1642964595599445,0.6809748272382445,0.13816908904806313,1.237896386015443,0.04852505923672106,1.33721346381907,0.10881966953308977,2.0,0.3146494030053681,0.4372108316649541,4.0,15.0,0.0,0.9595766443210334,0.4390686395337262,0.40480618393919027,0.5493812894048766,1.1004393830576489,0.6271886672799805,0.8459135119122198,-0.16099792347016437,6.0,0.9764822740435564,-0.14165457004482632,0.06001946587759371,0.289638263448406,0.07784900472830603,0.0,0.289638263448406,-0.16099792347016437,0.09740277806701798,logistic_regression,classification,-1,synthetic_40,"{""random_forest"": 0.6618, ""xgboost"": 0.6067, ""gradient_boosting"": 0.617, ""logistic_regression"": 0.6527, ""lasso"": 0.8318, ""knn"": 0.8906, ""decision_tree"": 0.9254, ""svm"": 0.8328}"
671,30,6.51025834052315,2.6390573296152584,252.77153069588107,0.07726978196966311,0.022506221620987983,0.4588752860557549,0.35575636645153774,0.0,0.9012393134595158,0.8824594404560998,-0.36583912056235546,1.9765505420002627,0.06649096311654273,-1.8086767184235781,0.0,0.0,0.019010924118727457,0.8148830076624685,0.0,1.0,0.0,0.07208433599867337,0.06413105498873274,0.8372869963540414,0.5054488138556994,1.9134377826159654,0.7687541797295034,0.3597188944170435,-0.04767448340158981,7.0,1.983176817740548,-0.03655013216027697,0.3882999830682681,0.2734096483254217,0.10122337312031382,0.0,0.2734096483254217,-0.04767448340158981,0.28269461690195785,lasso,regression,-1,synthetic_41,"{""random_forest"": 0.5952, ""xgboost"": 0.6267, ""gradient_boosting"": 0.7023, ""logistic_regression"": 0.8568, ""lasso"": 0.4378, ""knn"": 0.6334, ""decision_tree"": 0.4454, ""svm"": 0.6831}"
459,12,6.131226489483141,3.1780538303479458,71.36444951208529,0.09486722198124278,0.0056978317357158585,0.640210852084278,0.3681188724877631,1.0,1.0415362836684254,0.6164997268950835,-0.06016937815715018,0.08747125175993897,0.016621194326971057,0.39412630273746263,0.22187283784380318,2.0,0.04750584949615233,0.5594350940595049,3.0,1.0,1.0,0.38865279862984703,0.14731542131877134,0.0,0.623206088381348,1.857351890368668,0.7379911377931777,0.5010873602930876,0.41912065920498837,2.0,1.291621625310412,0.5340849335612038,0.11436271569566406,0.22536648873939572,0.048554567263762574,0.0,0.5340849335612038,0.41912065920498837,0.24478408169058516,gradient_boosting,classification,-1,synthetic_42,"{""random_forest"": 0.8656, ""xgboost"": 0.9054, ""gradient_boosting"": 0.5387, ""logistic_regression"": 0.8153, ""lasso"": 0.6533, ""knn"": 0.8631, ""decision_tree"": 0.8007, ""svm"": 0.827}"
697,29,6.548219102762372,3.5263605246161616,249.3131237318204,0.03013522154197548,0.017119181801677326,0.589391514506683,0.303274004430615,1.0,1.4868475721532186,0.611940505337331,-0.36441572464904226,0.30313874317534717,0.014063538096833493,0.30869113315020025,0.1711990842359113,3.0,0.438569220755702,0.5993223534557925,1.0,5.0,-1.0,0.558042325148967,0.7305769951791389,0.6551524590576688,0.8337704276808184,1.7640870515532925,0.538951048624434,0.20201432859509713,0.22492947014485726,3.0,1.3151206255560461,0.29591845647347603,0.12437157200302168,0.23985430564055565,0.043177485858585746,0.0,0.29591845647347603,0.22492947014485726,0.22270441517175274,random_forest,classification,-1,synthetic_43,"{""random_forest"": 0.7382, ""xgboost"": 0.7783, ""gradient_boosting"": 0.6064, ""logistic_regression"": 0.6963, ""lasso"": 0.6883, ""knn"": 0.8664, ""decision_tree"": 0.862, ""svm"": 0.858}"
7704,6,8.949624747754216,1.9459101490553132,363.81475971934117,0.1772391560930149,0.029652216709339208,0.5740679887244805,0.1650487363394495,1.0,1.3912362929936137,0.0032182636042786816,2.717536024759044,0.7109860208827148,0.11912959969156263,-1.6280374407074714,0.0,0.0,0.29410113347419525,0.6318712940214253,2.0,1.0,1.0,0.06485359448296835,0.5219854086853182,0.0,0.7526680645817856,1.12571358788818,0.7017438332982274,0.6797032578540986,-0.29117470859002736,3.0,1.204291288104962,-0.19550042056566092,0.009173124507216813,0.34871701816953654,0.05955522013297787,0.0,0.34871701816953654,-0.29117470859002736,0.09663240126875565,lasso,regression,-1,synthetic_44,"{""random_forest"": 0.4819, ""xgboost"": 0.7825, ""gradient_boosting"": 0.8103, ""logistic_regression"": 0.9401, ""lasso"": 0.5154, ""knn"": 0.8538, ""decision_tree"": 0.6862, ""svm"": 0.6054}"
2628,13,7.874358824729881,3.58351893845611,216.41154611409527,0.12723547294164655,0.0392825809040116,0.3828353336463711,0.1639619558785153,1.0,1.6796045712712344,0.383832951933044,2.4312336273631194,1.1755387217243964,0.0276714379700459,-0.5510582333908465,0.0,0.0,0.16725564437096607,0.3180757288871247,0.0,1.0,1.0,0.585810145971902,0.5278311829698363,0.0,0.8139517823840338,1.8599376765226117,0.7912909699256689,0.0655747423820479,-0.20209859413985765,4.0,0.8593136254778702,0.018549865881049545,0.34909210019384074,0.2574820899837164,0.23929011762549554,0.0,0.2574820899837164,-0.20209859413985765,0.25258007003754257,logistic_regression,regression,-1,synthetic_45,"{""random_forest"": 0.8415, ""xgboost"": 0.652, ""gradient_boosting"": 0.6656, ""logistic_regression"": 0.4734, ""lasso"": 0.4443, ""knn"": 0.8004, ""decision_tree"": 0.6731, ""svm"": 0.6403}"
5401,26,8.59452453435256,3.4965075614664802,27.780935080616057,0.05514397061911045,0.013780616933947271,0.8509886218211229,0.38993386111244477,1.0,0.7424141877799966,0.4288868788610386,4.068736617716128,0.5362780401910268,0.023457270660517192,1.4123584936146019,0.0,0.0,0.023250293220032747,0.7275926137375968,2.0,1.0,1.0,0.13924537111759516,0.4791786140476954,0.0,0.6849930211703179,0.7012132192550969,0.8499166728436363,0.03160516280773461,0.28360658292191737,4.0,1.9267888684271008,0.44045376935495295,0.22406727338473678,0.004690919251257963,0.15953441188149178,0.0,0.44045376935495295,0.28360658292191737,0.2810467386099275,xgboost,regression,-1,synthetic_46,"{""random_forest"": 0.6303, ""xgboost"": 0.5431, ""gradient_boosting"": 0.802, ""logistic_regression"": 0.9397, ""lasso"": 0.5411, ""knn"": 0.7598, ""decision_tree"": 0.509, ""svm"": 0.7109}"
4579,9,8.429454277108231,3.2188758248682006,284.9991662584372,0.1046781822748733,0.0057384435934608735,0.9020977853446044,0.2891257212833935,1.0,0.13533672380000317,0.7078350972297687,2.2612293040558766,0.1634506914935565,0.06874509622929846,-0.061214851479812094,0.13235694990562724,5.0,0.08288727008163788,0.9525317214301947,0.0,1.0,1.0,0.6690223373291083,0.4160660049005465,0.0,0.6852944937130288,1.3054371996303988,0.6727159347034528,0.07165037482306676,0.07114598935066901,7.0,1.612807234465679,0.39979706083419675,0.18369595103878322,0.1462964768546695,0.28800321586524524,0.0,0.39979706083419675,0.07114598935066901,0.015586973266280522,decision_tree,classification,-1,synthetic_47,"{""random_forest"": 0.6735, ""xgboost"": 0.5869, ""gradient_boosting"": 0.8797, ""logistic_regression"": 0.6997, ""lasso"": 0.8171, ""knn"": 0.8148, ""decision_tree"": 0.4099, ""svm"": 0.4694}"
881,37,6.782192056006791,2.1972245773362196,192.24700727926378,0.09033936384633655,0.01986906952426583,0.3653855803827069,0.1764288633003135,1.0,0.39121854608903006,0.18672329577304148,-0.4357833733944019,0.7133419482835295,0.1136222827184126,-0.8942332376664157,0.0,0.0,0.15617455094275678,0.7434455137939722,1.0,5.0,-1.0,0.157954822835348,0.6263092063519222,0.8864906905267876,0.8569676076972145,0.6403557373643781,0.8285896284993766,0.9070818222181087,0.2277034931157938,3.0,0.33770841335537227,0.580663972497148,0.20282044154617643,0.18854562928344998,0.3088049905239962,0.0,0.580663972497148,0.2277034931157938,0.1794337888107054,xgboost,regression,-1,synthetic_48,"{""random_forest"": 0.6, ""xgboost"": 0.8029, ""gradient_boosting"": 0.8512, ""logistic_regression"": 0.5722, ""lasso"": 0.8392, ""knn"": 0.9323, ""decision_tree"": 0.8713, ""svm"": 0.4647}"
5348,33,8.58466490653125,3.4011973816621555,346.5618888607642,0.018606097292005443,0.001468207955119616,0.8760709123550401,0.08390117907347255,1.0,0.7580542524381948,0.9734573899761731,1.0210430111666193,0.5929795625666305,0.1377311999434163,-1.5570062187241676,0.492849643566424,2.0,0.3797912050573159,0.9817652409904141,1.0,5.0,-1.0,0.8216368977104717,0.41333867745589253,0.5712041459285473,0.6610092193964487,0.9934827700280968,0.8141246262186093,0.341855966897164,0.2917842656684326,3.0,0.4886798815729323,0.35427436393610645,0.045177283364469425,0.3086747154066254,0.066381958118314,0.0,0.35427436393610645,0.2917842656684326,0.02615384034954935,random_forest,classification,-1,synthetic_49,"{""random_forest"": 0.6311, ""xgboost"": 0.8979, ""gradient_boosting"": 0.8068, ""logistic_regression"": 0.5052, ""lasso"": 0.7376, ""knn"": 0.6395, ""decision_tree"": 0.7175, ""svm"": 0.8059}"
1030,3,6.93828448401696,2.3978952727983707,45.60872708890798,0.01541560239029214,0.017019004633333747,0.9064705599759393,0.08621194751653274,1.0,0.7207556398606951,0.06850540662697957,3.5789317475533364,0.8166126855189022,0.11388730995912642,1.6144313773871803,0.0,0.0,0.11638157355064438,0.8571032609345663,3.0,15.0,1.0,0.6649849034759953,0.2342581718094027,0.0,0.9082377638176233,1.3447573006926097,0.68022031549022,0.11987957452134626,0.3449567048030327,7.0,0.9207165424038526,0.34133756478245014,0.345825443809068,0.22934884339208034,0.042537490502309844,0.0,0.34133756478245014,0.3449567048030327,0.16399446605633652,xgboost,regression,-1,synthetic_50,"{""random_forest"": 0.9372, ""xgboost"": 0.4609, ""gradient_boosting"": 0.6324, ""logistic_regression"": 0.4231, ""lasso"": 0.8069, ""knn"": 0.9049, ""decision_tree"": 0.554, ""svm"": 0.8721}"
1549,21,7.346010209913293,2.833213344056216,117.03715961282049,0.02404944530233513,0.00341704677661302,0.48432104862724,0.018449425734293534,1.0,1.1343415598387712,0.2838284470235203,3.947208848522193,0.14848174597677288,0.03395272415122289,0.9209845883605836,0.4277574092753451,2.0,0.2994041481917457,0.34449897716192557,3.0,50.0,1.0,0.8522638743911815,0.6010242149037659,0.0,0.7669497065483228,1.785681971297908,0.49266508976435724,0.08817947056892032,-0.06622541563048176,6.0,1.676304367103849,0.20750330419293914,0.11411613534292658,0.19571468239026427,0.24853779890141184,0.0,0.24853779890141184,-0.06622541563048176,0.12875477801890706,lasso,classification,-1,synthetic_51,"{""random_forest"": 0.834, ""xgboost"": 0.7153, ""gradient_boosting"": 0.7624, ""logistic_regression"": 0.5388, ""lasso"": 0.5211, ""knn"": 0.6686, ""decision_tree"": 0.8057, ""svm"": 0.6889}"
4677,21,8.450625947144124,3.367295829986474,90.7640909199134,0.034116382311418,0.047405416008572114,0.6116722785993517,0.31552090556214385,1.0,1.2792111223553637,0.6764263623383923,-0.2098393691677689,0.46836889363097134,0.11801255027316554,1.8830648258991318,0.307297558421745,3.0,0.13133782129932586,0.4873824476782175,2.0,5.0,1.0,0.7435939161765598,0.45563945354568247,0.0,0.785346814119349,0.15115511010620913,0.5271957904209235,0.3682345622730873,-0.2738834579634651,5.0,1.2081433541424385,-0.13441627799144018,0.36295206588513884,0.27085787950555473,0.17217096412839608,0.0,0.27085787950555473,-0.2738834579634651,0.0716569981205783,logistic_regression,classification,-1,synthetic_52,"{""random_forest"": 0.6478, ""xgboost"": 0.6601, ""gradient_boosting"": 0.7424, ""logistic_regression"": 0.6584, ""lasso"": 0.6461, ""knn"": 0.6609, ""decision_tree"": 0.725, ""svm"": 0.6954}"
1259,11,7.138866999945524,3.295836866004329,52.67545572992803,0.12341330322356026,0.005691919673830071,0.5416561999611844,0.20296477548712355,1.0,1.7484450493703516,0.49354658034011867,3.2135525961899853,1.9856336779981407,0.019723367984697242,-0.9010738979219219,0.0,0.0,0.1972880377988232,0.5910614431917935,3.0,1.0,-1.0,0.8822585560948476,0.6038487042682571,0.30497458440487646,0.6161779643860261,1.3524696273032701,0.548363820552045,0.7212449375205479,0.38330879812040347,5.0,1.642396565100453,0.6128114251095058,0.0006260420765891617,0.20021702517925527,0.3210342718319252,0.0,0.6128114251095058,0.38330879812040347,0.1909204110550221,xgboost,regression,-1,synthetic_53,"{""random_forest"": 0.5417, ""xgboost"": 0.4327, ""gradient_boosting"": 0.7321, ""logistic_regression"": 0.7776, ""lasso"": 0.463, ""knn"": 0.6111, ""decision_tree"": 0.6509, ""svm"": 0.603}"
5303,15,8.576216531865699,2.5649493574615367,256.05526888137354,0.027774265279303403,0.005786880333935269,0.40802509569815554,0.06873939253083781,0.0,1.2757541853272678,0.7409812502745785,2.1799491375585123,1.658035465090982,0.14868948401004498,1.280050516477424,0.23190787833989412,5.0,0.3474411868379796,0.6674199626116311,2.0,1.0,0.0,0.486000493797603,0.5194798980610957,0.6748656879928197,0.5196825825390263,0.2547765572962538,0.6793211982252128,0.34973567964093166,-0.20317999961184555,2.0,0.13476910957104504,0.02839928513682384,0.15495703426746374,0.3108136725260412,0.16507013043335866,0.0,0.3108136725260412,-0.20317999961184555,0.25555237106218426,logistic_regression,classification,-1,synthetic_54,"{""random_forest"": 0.4427, ""xgboost"": 0.6984, ""gradient_boosting"": 0.874, ""logistic_regression"": 0.7247, ""lasso"": 0.5245, ""knn"": 0.6113, ""decision_tree"": 0.6476, ""svm"": 0.7186}"
7342,30,8.90150275745161,3.6888794541139363,326.41284994685003,0.008955690100933644,0.03809534100662077,0.9626511037954824,0.13590753086044716,1.0,1.0344787634286639,0.3789102780588144,-0.9597376581756403,0.7717490057902319,0.11875803888920197,0.3839553687339272,0.21702759054693244,2.0,0.050629957307579465,0.8845262478887117,1.0,5.0,-1.0,0.8417233617446761,0.5221993669065265,0.6350272763794421,0.7518598001770729,0.21946577854205465,0.483679866569314,0.9723050039316252,0.30748082060209053,7.0,0.055073439738930974,0.6491912545517791,0.20218204716417998,0.13109351045704246,0.27536200739685474,0.0,0.6491912545517791,0.30748082060209053,0.2892052221353107,xgboost,classification,-1,synthetic_55,"{""random_forest"": 0.4214, ""xgboost"": 0.417, ""gradient_boosting"": 0.6134, ""logistic_regression"": 0.488, ""lasso"": 0.4128, ""knn"": 0.8159, ""decision_tree"": 0.6522, ""svm"": 0.5591}"
6413,19,8.7662383802531,3.5553480614894135,176.78968108470778,0.10828152146951704,0.007707252158924355,0.6875980397506078,0.21668192496400163,1.0,1.52380362520974,0.8336499619375856,1.6426481018745442,0.6046664987029875,0.03890023459756417,-1.2215046531805123,0.0,0.0,0.02882379109951244,0.5362891053959522,3.0,5.0,-1.0,0.2350372148038251,0.7476196594680692,0.39971494184917644,0.745172445895334,0.3388316803807804,0.6914922130823012,0.999716666114355,0.4200665464131846,6.0,1.2524686428421277,0.7749072415666884,0.19555913271698055,0.21240706955192548,0.3979431892237286,0.0,0.7749072415666884,0.4200665464131846,0.12053364019629727,random_forest,regression,-1,synthetic_56,"{""random_forest"": 0.8842, ""xgboost"": 0.7429, ""gradient_boosting"": 0.7132, ""logistic_regression"": 0.7414, ""lasso"": 0.5107, ""knn"": 0.6173, ""decision_tree"": 0.4217, ""svm"": 0.6616}"
6307,30,8.74957394808293,2.0794415416798357,399.16322464920864,0.055153513650271394,0.043854529050909447,0.9608294656777785,0.05951838776204626,1.0,0.925351210130787,0.9809873781626851,1.9004446158388797,1.7270950450290903,0.08830972831969798,-0.49868036832159257,0.31960426326814634,2.0,0.1428917777629351,0.4402239328494002,2.0,1.0,-1.0,0.5112754622007512,0.44309293200106376,0.412619782112332,0.759775563154909,1.7324985197928588,0.8903696717917147,0.41350836648807876,0.13441966716613057,4.0,1.204233970709559,0.15436228665692384,0.23656270376899524,0.2610510135194542,0.015192625315941389,0.0,0.2610510135194542,0.13441966716613057,0.24197680269788308,gradient_boosting,classification,-1,synthetic_57,"{""random_forest"": 0.5103, ""xgboost"": 0.4601, ""gradient_boosting"": 0.8697, ""logistic_regression"": 0.6415, ""lasso"": 0.8658, ""knn"": 0.8912, ""decision_tree"": 0.4344, ""svm"": 0.8859}"
7761,14,8.956995311928852,1.6094379124341003,173.36958785796415,0.14661023797199868,0.026428905486109856,0.8553758100137434,0.3962184131080534,0.0,0.40130203480752247,0.9946486415599979,-0.461127074303356,0.004635095809627732,0.006624290426674689,-0.6328703810529532,0.0,0.0,0.3164531653392171,0.34763038321261625,4.0,15.0,0.0,0.7534279222569691,0.6920305038968769,0.6863367552247578,0.7963432320515247,1.5345707062632166,0.8229607198388661,0.6174680730950839,0.058655244295537756,2.0,1.446298972929259,0.5423453554948228,0.11213378431660836,0.22556459699236175,0.37170295920289176,0.0,0.5423453554948228,0.058655244295537756,0.20622190924087128,decision_tree,regression,-1,synthetic_58,"{""random_forest"": 0.4363, ""xgboost"": 0.5919, ""gradient_boosting"": 0.461, ""logistic_regression"": 0.8445, ""lasso"": 0.9212, ""knn"": 0.4398, ""decision_tree"": 0.9253, ""svm"": 0.6874}"
2522,33,7.833203948641057,3.6109179126442243,147.69220446526967,0.16069654865937694,0.0464614026815927,0.5835718861692964,0.36244440085299884,1.0,0.6429914024957639,0.4764369863437916,0.35617398689599833,1.280952084351688,0.14684716727622132,0.41397238417351456,0.1590040480210551,3.0,0.17890704205677443,0.7469940377334645,0.0,5.0,-1.0,0.7197914533546861,0.7802401215166953,0.13067686159619427,0.7042760816487607,1.6446496633687606,0.6773286740175478,0.640719928710096,-0.06034745763690086,3.0,0.48386336063105917,0.2467000952491537,0.2855810530026359,0.23339904735499373,0.28404402256868266,0.0,0.28404402256868266,-0.06034745763690086,0.246760438315259,knn,classification,-1,synthetic_59,"{""random_forest"": 0.7039, ""xgboost"": 0.6861, ""gradient_boosting"": 0.4786, ""logistic_regression"": 0.8264, ""lasso"": 0.5493, ""knn"": 0.6732, ""decision_tree"": 0.5564, ""svm"": 0.4736}"
5935,10,8.688790784847216,2.1972245773362196,130.9436959089321,0.1481808112304143,0.01581350748646534,0.37132467164620947,0.14409356752017116,1.0,0.5407865727690511,0.8427119021605549,0.8800875055108588,1.5778649435520145,0.1337808217216102,-0.2647303216938819,0.09623671360359051,2.0,0.454971571927196,0.560349457234603,3.0,1.0,-1.0,0.6751400611496681,0.10442041321335237,0.7047149735850596,0.5190312871502065,1.1336118114845537,0.8650854827192123,0.8458062153817603,0.20364615751338927,3.0,0.27823169778217505,0.5339113143577183,0.10169255349947824,0.20414328123456588,0.28601548754027356,0.0,0.5339113143577183,0.20364615751338927,0.2626533679657848,xgboost,classification,-1,synthetic_60,"{""random_forest"": 0.5531, ""xgboost"": 0.4713, ""gradient_boosting"": 0.7719, ""logistic_regression"": 0.9192, ""lasso"": 0.5479, ""knn"": 0.6615, ""decision_tree"": 0.7489, ""svm"": 0.9497}"
7114,9,8.869960510523953,2.772588722239781,214.0871716329007,0.16443597736328466,0.042517400055994775,0.4483958382890606,0.26294139286805146,0.0,0.9445636083259634,0.8801567379214851,0.2944440750587247,1.3556264006200884,0.09116281833790839,-0.8187940897126689,0.24472811120886712,2.0,0.0683004518255863,0.7496314347293207,1.0,5.0,0.0,0.7370965504320512,0.8771326302017968,0.18799445160464737,0.5234893830702372,1.367565822446955,0.6340770706505152,0.583383502820975,-0.2161535480019423,6.0,0.5748191929311595,-0.05821721815013095,0.14711439510246116,0.12943463959551182,0.1474828683459181,0.0,0.1474828683459181,-0.2161535480019423,0.017427585624104933,logistic_regression,classification,-1,synthetic_61,"{""random_forest"": 0.6837, ""xgboost"": 0.5472, ""gradient_boosting"": 0.8595, ""logistic_regression"": 0.4081, ""lasso"": 0.6085, ""knn"": 0.5855, ""decision_tree"": 0.4106, ""svm"": 0.4684}"
2258,18,7.7226775164680035,2.995732273553991,265.4350633505281,0.19520276465584274,0.00627751073813267,0.3118633654227067,0.3080632847028384,0.0,1.614311074729765,0.12020722912057624,0.5934969977516364,0.03510472673325782,0.0439962916170847,1.092567495674686,0.0,0.0,0.25898026385628947,0.5401859592861188,3.0,50.0,0.0,0.0013536257154681541,0.2698204748087123,0.24000767699577982,0.7909064337370687,1.9486469431945506,0.8235304134919498,0.03335901499907384,0.03091413993490827,4.0,1.6595262405752897,0.3914505656056415,0.2424586259733919,0.15922161132765547,0.28994259972600683,0.0,0.3914505656056415,0.03091413993490827,0.0873432743355537,logistic_regression,regression,-1,synthetic_62,"{""random_forest"": 0.4838, ""xgboost"": 0.8947, ""gradient_boosting"": 0.7906, ""logistic_regression"": 0.9156, ""lasso"": 0.7318, ""knn"": 0.6604, ""decision_tree"": 0.4328, ""svm"": 0.7694}"
730,19,6.594413459749778,3.367295829986474,105.95821122579231,0.02816058977853522,0.031120682078299836,0.8469252990231135,0.23131935976814427,1.0,0.29392541917641934,0.8111237699334709,2.815728242982371,0.776331412253991,0.10111954433040944,-0.9603800830286686,0.49609755570389924,3.0,0.17259610424710525,0.9330652317610733,3.0,5.0,1.0,0.538813009039619,0.054566033459821375,0.0,0.8104998817890245,1.3832921508933085,0.8653034024232685,0.5023393217072827,0.16576700781458498,2.0,0.8953468508208366,0.5233287887881247,0.053709940360910216,0.02646176421586277,0.38510734010128245,0.0,0.5233287887881247,0.16576700781458498,0.28738023631703113,xgboost,classification,-1,synthetic_63,"{""random_forest"": 0.533, ""xgboost"": 0.6753, ""gradient_boosting"": 0.7738, ""logistic_regression"": 0.4419, ""lasso"": 0.5511, ""knn"": 0.8438, ""decision_tree"": 0.6528, ""svm"": 0.7006}"
5185,8,8.55371796609861,2.9444389791664403,321.9039369091436,0.0996472000998546,0.02033370349992916,0.9671140148252293,0.2090158866928213,1.0,0.43823495893987685,0.45896347937729864,4.516324427436036,0.35219094266118933,0.032093555803235536,-1.947881728971665,0.2666000194410492,3.0,0.00709502469788359,0.8722802226013735,4.0,15.0,-1.0,0.9078987937796194,0.8493314335381987,0.606914081121122,0.9320610219824512,1.0477046810557291,0.8886539539957519,0.7597371050630944,0.04625280176757546,6.0,1.708443812681736,0.10156118052611554,0.30923561667898647,0.1371504037431776,0.054799625221468556,0.0,0.1371504037431776,0.04625280176757546,0.09299998115153679,logistic_regression,classification,-1,synthetic_64,"{""random_forest"": 0.652, ""xgboost"": 0.8297, ""gradient_boosting"": 0.9281, ""logistic_regression"": 0.82, ""lasso"": 0.8704, ""knn"": 0.7317, ""decision_tree"": 0.8595, ""svm"": 0.8314}"
3426,39,8.139440521874608,3.4011973816621555,24.293184186179587,0.09617802932060181,0.033121700585053405,0.38295183651870607,0.11555397556366627,0.0,0.7956732510043139,0.9195310246560497,4.9595300925377845,0.08982259799123171,0.1141511885243088,-0.5131037343906271,0.14993414181199427,2.0,0.19622909311474002,0.8204428316094456,2.0,1.0,0.0,0.05770292841589886,0.39992881431736294,0.7632378806413356,0.6239965726487675,1.2478587291182777,0.8962211446873896,0.3924599413457013,0.0015884335410241146,6.0,0.7171569230497463,0.30238012459272334,0.26265242948315043,0.03338974705962372,0.29154457690797875,0.0,0.30238012459272334,0.0015884335410241146,0.07211967386805207,logistic_regression,classification,-1,synthetic_65,"{""random_forest"": 0.905, ""xgboost"": 0.456, ""gradient_boosting"": 0.6783, ""logistic_regression"": 0.5215, ""lasso"": 0.4214, ""knn"": 0.4198, ""decision_tree"": 0.4964, ""svm"": 0.8767}"
4904,9,8.498010371999463,3.367295829986474,447.3535314683725,0.08388959879146272,0.03901827515034409,0.6334350133107691,0.19901594085844088,1.0,0.4093602181145679,0.5911303032585165,0.1168153865200876,0.6631293981343875,0.12825453024299027,-1.1716967631565791,0.303496088914871,3.0,0.035579142586716406,0.34761523890284324,2.0,5.0,1.0,0.5069204379618346,0.36847086463531653,0.0,0.8648953614535633,1.6732935965419269,0.5660955165578023,0.6966818768990573,-0.07401700481837864,3.0,1.6495757125555734,0.047429603760269584,0.20626376234258137,0.15053600678543,0.1305353723727949,0.0,0.15053600678543,-0.07401700481837864,0.13898809598183903,logistic_regression,classification,-1,synthetic_66,"{""random_forest"": 0.5595, ""xgboost"": 0.9121, ""gradient_boosting"": 0.6155, ""logistic_regression"": 0.7007, ""lasso"": 0.6926, ""knn"": 0.7247, ""decision_tree"": 0.4337, ""svm"": 0.5992}"
5834,30,8.671629544720656,2.70805020110221,119.90380680967208,0.13260943836068448,0.03709481634793576,0.8938977653633673,0.16905167880544367,1.0,0.6058618112808585,0.3252951340230311,3.275727998591077,1.633558933011272,0.0272420951634904,-0.5162359673689392,0.0,0.0,0.450970098374575,0.8566185285893699,4.0,1.0,-1.0,0.5424710034626561,0.1346413045742573,0.20737499590561492,0.6713103565223896,0.8347947339232932,0.7769148502846093,0.03046465520298542,0.2785026191060434,3.0,1.5612634348511143,0.2877592191262457,0.23350911220564466,0.2552706779307987,0.0005895288345245664,0.0,0.2877592191262457,0.2785026191060434,0.28566653570927836,xgboost,regression,-1,synthetic_67,"{""random_forest"": 0.5459, ""xgboost"": 0.7309, ""gradient_boosting"": 0.5631, ""logistic_regression"": 0.7929, ""lasso"": 0.8175, ""knn"": 0.4564, ""decision_tree"": 0.6826, ""svm"": 0.6799}"
5307,19,8.576970395452099,3.6109179126442243,405.4647428946845,0.03904812059129841,0.017267097612244393,0.5349273179888898,0.39141018735565625,1.0,1.7130744474958537,0.7011698615902597,3.362340569692341,1.1241455888051421,0.14206360006627786,-0.01496498847055383,0.0,0.0,0.19025885493494726,0.4124943824827978,3.0,1.0,1.0,0.3843550385241349,0.022674072563306426,0.0,0.8775487974731048,0.032721787073606526,0.7518498898145255,0.9705545386287965,-0.004575383827567114,6.0,0.19502865128179492,0.02099661169261411,0.22359225363990964,0.04379383999961142,0.0392939968756322,0.0,0.04379383999961142,-0.004575383827567114,0.15032636407865912,lasso,regression,-1,synthetic_68,"{""random_forest"": 0.6939, ""xgboost"": 0.6974, ""gradient_boosting"": 0.6363, ""logistic_regression"": 0.5699, ""lasso"": 0.6652, ""knn"": 0.4652, ""decision_tree"": 0.9288, ""svm"": 0.7929}"
7822,39,8.96482339168508,2.3978952727983707,132.7292704083245,0.12497481992139979,0.028587299157187437,0.8829812637517898,0.3624348241925042,1.0,0.024313542954773615,0.6740199190587927,-0.6889852052816259,1.0977173301547118,0.04314490935655173,-0.7728936019114352,0.12077294368087191,3.0,0.1764792517261783,0.7286917898442309,0.0,1.0,-1.0,0.43054020950718996,0.7901860472863513,0.2610409787661932,0.7724771449771444,0.5017917937761699,0.5779273796296057,0.09308034046321512,0.46197369335027744,2.0,1.370887766443803,0.8,0.1329824628594848,0.23544604797311428,0.34856561367634176,0.0,0.8215583861660208,0.46197369335027744,0.016975696844014686,xgboost,classification,-1,synthetic_69,"{""random_forest"": 0.9194, ""xgboost"": 0.753, ""gradient_boosting"": 0.7693, ""logistic_regression"": 0.7478, ""lasso"": 0.5094, ""knn"": 0.6301, ""decision_tree"": 0.813, ""svm"": 0.4558}"
2861,20,7.959275960116396,3.367295829986474,295.26978274536896,0.04088811478990937,0.025985213144724212,0.35182955253864356,0.24219306768576188,1.0,1.0335798782563164,0.7401613687614631,2.7842028269527104,1.0992125370615133,0.10346682738721817,-1.4242323457110766,0.05516629688722003,5.0,0.29767983062930203,0.41875631594771656,3.0,5.0,-1.0,0.29729079030733363,0.0828602874742279,0.879393809746416,0.7695700642176717,1.2510610687976296,0.7242524100593442,0.27472800757896587,-0.07771777912823016,3.0,1.4075846219810153,-0.01706072128160033,0.14930392578510357,0.19442339843705106,0.04124854496323032,0.0,0.19442339843705106,-0.07771777912823016,0.16909799130862865,logistic_regression,classification,-1,synthetic_70,"{""random_forest"": 0.7696, ""xgboost"": 0.721, ""gradient_boosting"": 0.6892, ""logistic_regression"": 0.5372, ""lasso"": 0.4011, ""knn"": 0.4957, ""decision_tree"": 0.4644, ""svm"": 0.647}"
3094,6,8.037543185118697,2.302585092994046,134.0197541980083,0.09005084922857808,0.04787905075419087,0.5793247223497042,0.3359206426657707,1.0,0.37708121149850227,0.6724604980250288,4.862041726633661,0.20378620174587359,0.0012479913340788017,-0.2656688294695426,0.14118468536090442,3.0,0.0463127415256836,0.8163852012765995,0.0,5.0,-1.0,0.43402097270875883,0.23284047793989687,0.6310256349757263,0.6954814935529744,1.449661157521502,0.4045270807901855,0.5935594495898502,0.18980652060947573,2.0,1.0937519317520892,0.46378762580674543,0.26827021015293023,0.14285309180334432,0.2720447541787891,0.0,0.46378762580674543,0.18980652060947573,0.21026029075842959,xgboost,classification,-1,synthetic_71,"{""random_forest"": 0.7597, ""xgboost"": 0.8501, ""gradient_boosting"": 0.4275, ""logistic_regression"": 0.9013, ""lasso"": 0.4162, ""knn"": 0.5958, ""decision_tree"": 0.4087, ""svm"": 0.4424}"
5141,15,8.545197387825835,1.791759469228055,312.22396784774514,0.1485762987335878,0.036895869667701274,0.6650143169168161,0.027383487733431223,1.0,0.7422258768602557,0.9207666084633573,2.5066934585445564,1.0766638865114269,0.04032802715732903,-0.5262043203336844,0.3230292761228464,3.0,0.44767304457658463,0.7598595027935167,2.0,5.0,-1.0,0.45434542306765513,0.5672224975105421,0.07303426068261525,0.6117726239344434,1.4138670522641377,0.6138006668516687,0.4481200596665981,0.4289346281440633,5.0,0.28877526426733446,0.8,0.3135949434757422,0.2880443317646186,0.3805962840707149,0.0,0.8299247513335443,0.4289346281440633,0.1258168835000915,xgboost,classification,-1,synthetic_72,"{""random_forest"": 0.8318, ""xgboost"": 0.7294, ""gradient_boosting"": 0.5106, ""logistic_regression"": 0.7246, ""lasso"": 0.6242, ""knn"": 0.6582, ""decision_tree"": 0.4156, ""svm"": 0.5155}"
3081,12,8.033334015880062,3.4339872044851463,335.46749864459446,0.1763381223687016,0.040706284279558094,0.7795940169121388,0.044172745364441074,1.0,0.5783748925918997,0.309806875322469,0.49974167838572736,1.0300113194194462,0.08033307223195088,-0.5724560993155592,0.16710646909335322,2.0,0.176894579368218,0.871703362555196,0.0,1.0,1.0,0.8281168290063428,0.19445410462028975,0.0,0.864195979228368,1.5748518887923482,0.7161082988769745,0.37978497513069065,-0.07516953489517736,3.0,1.882241625067347,0.011642082631287458,0.35052777325692464,0.024672180975100627,0.06418504570849058,0.0,0.06418504570849058,-0.07516953489517736,0.03077038877507694,logistic_regression,classification,-1,synthetic_73,"{""random_forest"": 0.7044, ""xgboost"": 0.6767, ""gradient_boosting"": 0.5066, ""logistic_regression"": 0.8723, ""lasso"": 0.7723, ""knn"": 0.8608, ""decision_tree"": 0.8723, ""svm"": 0.8116}"
5504,39,8.61341204915678,2.1972245773362196,396.82177515564365,0.05935733640397012,0.027068480507863438,0.5416609675689807,0.16568037022873214,0.0,1.4648277296253371,0.8816624823327127,-0.2710276534734075,1.269278512974761,0.08732157113666977,-1.5263398432962725,0.2349921239961979,2.0,0.10594716522005454,0.5145917213655493,2.0,15.0,0.0,0.3356738330390596,0.6744514075210432,0.3463232554989929,0.7573604917327703,1.972630877183289,0.6073679134837355,0.7563264230985558,0.051368480999773924,2.0,1.0818100076761616,0.3268618280229524,0.27857192281444293,0.30204033964543686,0.1957505795882681,0.0,0.3268618280229524,0.051368480999773924,0.21064382885454883,random_forest,classification,-1,synthetic_74,"{""random_forest"": 0.512, ""xgboost"": 0.5802, ""gradient_boosting"": 0.7007, ""logistic_regression"": 0.7165, ""lasso"": 0.4122, ""knn"": 0.9198, ""decision_tree"": 0.7831, ""svm"": 0.6726}"
5051,3,8.527539483470381,2.995732273553991,430.081362156812,0.13464928787090633,0.020405952841296156,0.9199338349692412,0.08876018431374916,0.0,1.4292825498174484,0.8815634549407569,3.387899118219778,1.3945508381077139,0.1128957441107754,-0.1397790067974225,0.14281345122626868,2.0,0.437085341078513,0.4403711678439029,3.0,1.0,0.0,0.33362839583686565,0.712402382332233,0.8061072998569008,0.7030823508631647,0.3750499708428347,0.8274870097807372,0.8837342780046238,0.44650178752664677,4.0,0.02673536651879127,0.5049008442995321,0.16389569457717565,0.17773177238557267,0.08172655335958812,0.0,0.5049008442995321,0.44650178752664677,0.19433226988510263,xgboost,classification,-1,synthetic_75,"{""random_forest"": 0.5545, ""xgboost"": 0.5144, ""gradient_boosting"": 0.4231, ""logistic_regression"": 0.6636, ""lasso"": 0.4999, ""knn"": 0.8087, ""decision_tree"": 0.8664, ""svm"": 0.7001}"
6576,6,8.79133399330135,2.6390573296152584,331.7974475135879,0.14175313104583084,0.000418184093842855,0.4523671797063752,0.2646737153599426,0.0,0.9679787363594943,0.005313475668345946,3.826967854590934,1.5456191465806748,0.08226287444903439,-1.7341466968949115,0.2450625047400355,3.0,0.3832575247662923,0.702762375534641,4.0,50.0,0.0,0.5210731905083879,0.31518269198165727,0.5031533564519419,0.8048630366705627,1.5194187430236175,0.4073141294388379,0.21516987677118954,0.4853658740169133,5.0,1.4845063743981743,0.5820626156300133,0.06795240242029413,0.13038664581584278,0.1284648610543814,0.0,0.5820626156300133,0.4853658740169133,0.05849255997008676,random_forest,classification,-1,synthetic_76,"{""random_forest"": 0.8125, ""xgboost"": 0.8995, ""gradient_boosting"": 0.8173, ""logistic_regression"": 0.7284, ""lasso"": 0.7598, ""knn"": 0.889, ""decision_tree"": 0.7183, ""svm"": 0.7478}"
3440,32,8.14351740579748,2.70805020110221,364.92875910147444,0.1491506758152252,0.027896372257535038,0.7092676631160773,0.053460232564207205,0.0,0.8877183768426022,0.4507762838863638,4.750987014006441,0.8621737252465789,0.08240139673541365,0.1330055971164099,0.2237953967676638,3.0,0.3183808585221636,0.8162806536190081,4.0,5.0,0.0,0.3245118001753421,0.24256067606304538,0.16683550117426035,0.5859169632822395,1.3923355081985183,0.5093578064989637,0.5993502332682141,-0.17481862719711952,7.0,0.12628058585478263,0.0056065658365616125,0.31071619336289086,0.3015297975294127,0.2399085259881992,0.0,0.3015297975294127,-0.17481862719711952,0.24649437988853135,logistic_regression,classification,-1,synthetic_77,"{""random_forest"": 0.9408, ""xgboost"": 0.8327, ""gradient_boosting"": 0.8255, ""logistic_regression"": 0.8113, ""lasso"": 0.4828, ""knn"": 0.5195, ""decision_tree"": 0.6552, ""svm"": 0.5452}"
5810,20,8.667507952075105,1.6094379124341003,376.52232082198765,0.1625427239786124,0.03534189278902706,0.9770845112684559,0.3306608229842562,1.0,1.8061874557530766,0.933571083457648,3.808087951242851,1.3485176840129982,0.0008577872041183931,-0.13669698710750122,0.0675406942975087,2.0,0.2855811493111805,0.5097808879891197,4.0,5.0,1.0,0.13008066982894695,0.020183300245849613,0.0,0.6621920722136687,1.5696391196397206,0.6830903456125355,0.3196502093182505,0.0321927778672324,6.0,0.46403636061762144,0.19494076346638012,0.00575257842883401,0.34865518572457255,0.12921093830163755,0.0,0.34865518572457255,0.0321927778672324,0.2293060159309282,lasso,classification,-1,synthetic_78,"{""random_forest"": 0.8193, ""xgboost"": 0.4214, ""gradient_boosting"": 0.8604, ""logistic_regression"": 0.7407, ""lasso"": 0.7099, ""knn"": 0.7435, ""decision_tree"": 0.8754, ""svm"": 0.7228}"
4578,25,8.429235912657095,3.295836866004329,195.77255260406702,0.07429718873188684,0.03092635293590928,0.743150857449659,0.18771409093031616,1.0,0.8861187246608422,0.4941476706378827,4.1662717970198715,0.92233380250782,0.14098976879547337,0.01601505438530415,0.35425642891473064,3.0,0.4746003465904457,0.8746540122896622,2.0,1.0,1.0,0.6775316138836847,0.33581035658014524,0.0,0.9237613939961138,0.3430404941511942,0.6501797231077804,0.6939751367853145,0.16476030391054347,2.0,1.2972779135376311,0.381683383029692,0.11011528538074407,0.19931956946028884,0.23153606721423703,0.0,0.381683383029692,0.16476030391054347,0.04686197060598659,random_forest,classification,-1,synthetic_79,"{""random_forest"": 0.7296, ""xgboost"": 0.4986, ""gradient_boosting"": 0.7878, ""logistic_regression"": 0.6503, ""lasso"": 0.7673, ""knn"": 0.8606, ""decision_tree"": 0.4934, ""svm"": 0.4105}"
5262,28,8.56845648535378,2.6390573296152584,300.491688448974,0.07098493217540201,0.0025994675988853747,0.322220635761092,0.169334057661279,0.0,0.1691307561944757,0.6068469555401391,4.285838033837944,1.7658296330374443,0.09885681151983486,-1.155072674108276,0.2546925992612907,2.0,0.43149841567943603,0.9114044703661135,2.0,5.0,0.0,0.7374260857706773,0.2578675940344107,0.819191731380981,0.8611881405588183,1.9945034208081693,0.41501300266469643,0.8983922071330226,0.32328206911662943,2.0,0.9300190350528552,0.6381035590656051,0.33895517222854954,0.2249021636132719,0.25561286356596835,0.0,0.6381035590656051,0.32328206911662943,0.018718220579483167,xgboost,classification,-1,synthetic_80,"{""random_forest"": 0.4369, ""xgboost"": 0.9364, ""gradient_boosting"": 0.8493, ""logistic_regression"": 0.8689, ""lasso"": 0.9159, ""knn"": 0.4468, ""decision_tree"": 0.6121, ""svm"": 0.4391}"
2423,39,7.793174347189205,2.3978952727983707,225.47283838887518,0.055673696332531324,0.039914659860459334,0.5283777426288028,0.11975334948213932,1.0,0.4650119844156624,0.12967897822423535,0.5387783661005958,0.7106394969477754,0.10109913122185955,-1.7497406311221937,0.0,0.0,0.10525346983267148,0.8582263118012567,1.0,50.0,-1.0,0.34264514652252154,0.7781930296723261,0.06733908467547574,0.5697163900145492,0.1746463028801979,0.6422689975400054,0.30939531616575106,-0.1313655187599771,5.0,1.2344376117558016,0.05900589552633241,0.062392345479573265,0.18545844138098416,0.17538268610023128,0.0,0.18545844138098416,-0.1313655187599771,0.14354883487678857,logistic_regression,regression,-1,synthetic_81,"{""random_forest"": 0.567, ""xgboost"": 0.5714, ""gradient_boosting"": 0.4017, ""logistic_regression"": 0.4958, ""lasso"": 0.8815, ""knn"": 0.643, ""decision_tree"": 0.9413, ""svm"": 0.6176}"
325,15,5.786897381366708,2.995732273553991,384.9285611202155,0.1880838414601494,0.0007911585998410409,0.6659320990933089,0.18834694248927072,1.0,1.312110043951408,0.559578854465342,3.122234903494883,1.3161651694983807,0.01755175872869193,1.1988716544748783,0.37625273433460343,2.0,0.06161628785816242,0.7819861313943046,2.0,5.0,-1.0,0.7624469586748684,0.11340182507759486,0.600491103474763,0.5883886471424078,1.903375203069553,0.4877458136906787,0.572050044751744,0.272149163824193,2.0,1.0257941110376187,0.5622628196876183,0.347842432989911,0.18830794687736602,0.3108197142607025,0.0,0.5622628196876183,0.272149163824193,0.12083274996986997,gradient_boosting,classification,-1,synthetic_82,"{""random_forest"": 0.9128, ""xgboost"": 0.8079, ""gradient_boosting"": 0.5537, ""logistic_regression"": 0.4724, ""lasso"": 0.8701, ""knn"": 0.4909, ""decision_tree"": 0.8698, ""svm"": 0.6699}"
6851,37,8.832295859444011,2.5649493574615367,190.02145706156452,0.01740344366055775,0.0278392455464094,0.8915845960472244,0.31837055485740096,1.0,0.3502462802607065,0.6727646144124667,0.32302558061388265,0.43641506910434447,0.13111076599577776,-1.0013241890390794,0.4864669364053359,5.0,0.1316236732590056,0.3004508396252967,1.0,5.0,1.0,0.7925948132091347,0.5645960415816103,0.0,0.837619593772479,0.3125766491747387,0.6291617972937877,0.35770719347529306,0.025245427046483415,2.0,0.5878982020337951,0.1227403875401653,0.09483388340693605,0.13109188518285345,0.057200449066290564,0.0,0.13109188518285345,0.025245427046483415,0.2845508829654584,knn,classification,-1,synthetic_83,"{""random_forest"": 0.7355, ""xgboost"": 0.9085, ""gradient_boosting"": 0.8322, ""logistic_regression"": 0.7245, ""lasso"": 0.4035, ""knn"": 0.8249, ""decision_tree"": 0.7864, ""svm"": 0.7384}"
3457,11,8.148445666243235,2.5649493574615367,389.04084351379475,0.024680163041119287,0.031316117582809756,0.4949295102492866,0.34119279813223663,0.0,1.856767011272615,0.9963982936790554,3.7760444145636995,1.507468140856009,0.03232511383013265,-0.655971764039565,0.3962520023369212,5.0,0.23284127088113976,0.8336329229697523,0.0,1.0,0.0,0.6083195000077717,0.25294477515020025,0.7447977470466423,0.5780732226597599,0.7657055306094418,0.8007228881114768,0.398172641135527,0.3083394493459774,4.0,1.1369297970158798,0.38368565167534263,0.260606273331557,0.21529519918941992,0.06828334532499207,0.0,0.38368565167534263,0.3083394493459774,0.06323443480640646,xgboost,classification,-1,synthetic_84,"{""random_forest"": 0.8711, ""xgboost"": 0.8593, ""gradient_boosting"": 0.91, ""logistic_regression"": 0.6012, ""lasso"": 0.5749, ""knn"": 0.8122, ""decision_tree"": 0.6371, ""svm"": 0.4482}"
7099,19,8.867850063029406,2.1972245773362196,342.4649844633925,0.0635099400515177,0.042405461750781505,0.9630130240301735,0.35394204707840177,0.0,1.478133951878745,0.27746467972495403,0.6896962526337904,1.9267206408920758,0.0015426743903538041,0.8641998929685779,0.0,0.0,0.3531230812776311,0.7296557832553602,2.0,50.0,0.0,0.31187943576372523,0.30597467741392337,0.6010811160307321,0.53552273132595,0.8911682917220375,0.5305242631174241,0.3499528351558678,-0.07375909546360021,2.0,1.8709690270549915,0.19299461564976222,0.07429322880207426,0.0929237426001753,0.3732820351037225,0.0,0.3732820351037225,-0.07375909546360021,0.11175267946603976,logistic_regression,regression,-1,synthetic_85,"{""random_forest"": 0.434, ""xgboost"": 0.4508, ""gradient_boosting"": 0.4895, ""logistic_regression"": 0.7274, ""lasso"": 0.4828, ""knn"": 0.9324, ""decision_tree"": 0.6457, ""svm"": 0.6758}"
3149,28,8.055157731819678,3.6109179126442243,429.50492451673426,0.07135374232465452,0.03787322227253589,0.5065506444850165,0.11954285410361232,0.0,0.21411435710837212,0.4400580465093987,3.378271438984534,1.88044161114257,0.0905695487893644,1.4525421509429561,0.3413824091795134,5.0,0.41124732464511354,0.41960670655294374,4.0,1.0,0.0,0.5314549141893053,0.2591508084083932,0.159473250910072,0.721768813039771,0.606884718856275,0.698040977619153,0.4395054836266918,-0.10267310735567478,6.0,1.1672100740161995,0.005249659355323353,0.1560480938753357,0.30273691179032064,0.11770669465484573,0.0,0.30273691179032064,-0.10267310735567478,0.10653949432614376,logistic_regression,classification,-1,synthetic_86,"{""random_forest"": 0.5198, ""xgboost"": 0.4083, ""gradient_boosting"": 0.7198, ""logistic_regression"": 0.4582, ""lasso"": 0.8802, ""knn"": 0.6877, ""decision_tree"": 0.7848, ""svm"": 0.626}"
3883,31,8.264620829411216,2.0794415416798357,42.94474824437496,0.11896947590038193,0.03694333385665163,0.3227104122330309,0.26348705549080886,1.0,1.0645837519029089,0.10326500887504841,0.03514326167817239,1.135948594632161,0.044453642026993256,1.7532629146052643,0.4104413151815142,3.0,0.4093701147420254,0.9786613724944275,0.0,1.0,1.0,0.031778484357324444,0.7038456923373825,0.0,0.6080318332194049,0.29717530943599,0.4578506590901511,0.03697751183130696,0.14846384720083894,2.0,0.9158579888680558,0.4531429801273136,0.09060865041444228,0.16239359435841058,0.2307429524530801,0.0,0.4531429801273136,0.14846384720083894,0.1841910918975698,random_forest,classification,-1,synthetic_87,"{""random_forest"": 0.4758, ""xgboost"": 0.7788, ""gradient_boosting"": 0.8938, ""logistic_regression"": 0.8098, ""lasso"": 0.442, ""knn"": 0.8927, ""decision_tree"": 0.8367, ""svm"": 0.4871}"
5872,29,8.67812085552252,2.772588722239781,234.97077141047365,0.060657178169856586,0.04662774392096561,0.3830506360191062,0.373499769200588,0.0,1.3677329036706865,0.5315721526867312,-0.8040456352930248,0.9511923836440166,0.06116221575040984,-1.3551247520995098,0.0,0.0,0.32820480175032846,0.9700941260841172,0.0,5.0,0.0,0.9281018355097865,0.7603760947406695,0.4339188890278577,0.6007921456392865,0.48589366541470114,0.6561501734435403,0.7758363807134131,-0.2585712890137465,5.0,1.3866703074694133,0.05001372775002001,0.2592943589528388,0.2829420086127918,0.3363634841611629,0.0,0.3363634841611629,-0.2585712890137465,0.06944402877389647,lasso,regression,-1,synthetic_88,"{""random_forest"": 0.9171, ""xgboost"": 0.4257, ""gradient_boosting"": 0.5758, ""logistic_regression"": 0.641, ""lasso"": 0.8946, ""knn"": 0.9292, ""decision_tree"": 0.6443, ""svm"": 0.8125}"
2056,6,7.6290038896529575,3.367295829986474,92.41979132559392,0.17586604313569482,0.027852025663751757,0.4619664454637936,0.20097091486655058,0.0,1.4629727194062316,0.9581180089194338,0.3226760254725136,1.7723635442586902,0.14014561712512352,1.665682178128265,0.0,0.0,0.3177071784309549,0.7345762515599483,2.0,1.0,0.0,0.0913741048604092,0.28334324641648395,0.16360098049562574,0.5193735812220509,1.5641180886524262,0.5991138969790059,0.44946479399671246,0.12532881901158643,7.0,0.29287251320563223,0.12298672479652975,0.33317188622969124,0.28955575240803605,0.06272508212672227,0.0,0.28955575240803605,0.12532881901158643,0.16208895953709215,xgboost,regression,-1,synthetic_89,"{""random_forest"": 0.5304, ""xgboost"": 0.4592, ""gradient_boosting"": 0.8225, ""logistic_regression"": 0.6753, ""lasso"": 0.6386, ""knn"": 0.5372, ""decision_tree"": 0.7011, ""svm"": 0.5509}"
6619,7,8.797850648931053,3.5553480614894135,338.83564697212825,0.16108600860919584,0.04733781223461204,0.5801485930947703,0.3133191931824191,1.0,0.5318569012642376,0.9903323037936483,-0.8453824074138931,1.207057613002242,0.09892589724769907,0.7521822282965154,0.0,0.0,0.060193789394544506,0.9475855505964599,1.0,1.0,-1.0,0.6227534032398411,0.20040847121077646,0.005741139065931611,0.6382473876595719,1.0974524980389675,0.6085967092822883,0.16862334496674122,0.42126640422965417,6.0,1.1308399352154848,0.8,0.17690091060782365,0.2549297990188761,0.39134191482274266,0.0,0.8078853833302967,0.42126640422965417,0.2391633217736288,random_forest,regression,-1,synthetic_90,"{""random_forest"": 0.7797, ""xgboost"": 0.5873, ""gradient_boosting"": 0.8427, ""logistic_regression"": 0.4288, ""lasso"": 0.4878, ""knn"": 0.5846, ""decision_tree"": 0.4422, ""svm"": 0.5292}"
3050,20,8.02322468471667,2.6390573296152584,215.80199629988843,0.001937376548193548,0.04289775454575286,0.811810141118442,0.3787024140694813,1.0,1.5632309583927981,0.31370651205206523,0.48724015237054186,1.395432615106586,0.054616916251574915,0.2648600630104663,0.0,0.0,0.0031287355132351147,0.3427011341595279,2.0,1.0,1.0,0.7094388646339748,0.24434280228844021,0.0,0.9069094811334042,0.7556967213096791,0.6749342813881026,0.060067372785986575,0.3641207863983345,5.0,0.8209915881211092,0.732465094578314,0.0653346592356229,0.3242623292846647,0.34736380957877366,0.0,0.732465094578314,0.3641207863983345,0.06653459345769558,xgboost,regression,-1,synthetic_91,"{""random_forest"": 0.5427, ""xgboost"": 0.4482, ""gradient_boosting"": 0.4495, ""logistic_regression"": 0.5063, ""lasso"": 0.4278, ""knn"": 0.7446, ""decision_tree"": 0.558, ""svm"": 0.5539}"
7447,29,8.915700818956903,3.4657359027997265,83.13224017332222,0.053634873548982664,0.01805373631705186,0.5859189069859378,0.2718788867333381,0.0,0.11336086433167081,0.034672704226066386,1.3514633776634541,1.394327384275961,0.029015301443472384,0.5660179250250068,0.24894816560587402,2.0,0.12991406897014973,0.9113994150813263,3.0,1.0,0.0,0.3119119055367052,0.10990036433185914,0.35511508378703144,0.5500117162994056,1.2997290187229056,0.8375590222790235,0.7926153051689567,-0.03440136460978782,5.0,1.346184261822434,0.19018323768608414,0.32974017889973983,0.2819013152549952,0.21197623477209318,0.0,0.2819013152549952,-0.03440136460978782,0.11909764866224223,logistic_regression,classification,-1,synthetic_92,"{""random_forest"": 0.8059, ""xgboost"": 0.5983, ""gradient_boosting"": 0.7692, ""logistic_regression"": 0.5489, ""lasso"": 0.4447, ""knn"": 0.9459, ""decision_tree"": 0.4859, ""svm"": 0.9436}"
4579,12,8.429454277108231,1.6094379124341003,313.19831775009243,0.13307304168378087,0.025035546291833567,0.751402855970486,0.00941299776563951,1.0,0.8592457277936882,0.27893807607347676,-0.22495332854133765,0.19909302561755027,0.09047882484220011,0.09440218861044691,0.27818709082712,3.0,0.1267920584981846,0.6249555405530349,2.0,5.0,1.0,0.9919627472386433,0.26466071595910007,0.0,0.5946433503286072,1.533073094077501,0.5265131704601267,0.8669067593404814,0.48182394605315787,5.0,0.12201428601078979,0.8,0.11513251954064235,0.26880190235962337,0.39406982203626995,0.0,0.8165903065194572,0.48182394605315787,0.027981434033450967,random_forest,classification,-1,synthetic_93,"{""random_forest"": 0.4743, ""xgboost"": 0.4835, ""gradient_boosting"": 0.8893, ""logistic_regression"": 0.9192, ""lasso"": 0.8212, ""knn"": 0.403, ""decision_tree"": 0.4007, ""svm"": 0.608}"
4973,18,8.51197962436335,3.6109179126442243,99.89167656361236,0.11882837255129151,0.02056872857062947,0.38847049568396697,0.011137563030965358,1.0,1.2454645645856666,0.8067575637891261,4.052093969040464,0.9654269461538689,0.11661832007735783,0.691388533954179,0.154999770192197,2.0,0.3621272637495666,0.6398933136030517,1.0,5.0,-1.0,0.6638244748527251,0.8687724512673598,0.672370440416126,0.5226875481209942,1.7818647985019795,0.6884406006556043,0.5682803710880675,-0.18528370399128596,6.0,0.13878817180836678,-0.044153811279025595,0.035950740694464266,0.015748887432398526,0.08748555556261568,0.0,0.08748555556261568,-0.18528370399128596,0.18027360169772583,logistic_regression,classification,-1,synthetic_94,"{""random_forest"": 0.9045, ""xgboost"": 0.6236, ""gradient_boosting"": 0.4788, ""logistic_regression"": 0.7931, ""lasso"": 0.5613, ""knn"": 0.689, ""decision_tree"": 0.7838, ""svm"": 0.8951}"
4359,23,8.38022733634308,2.833213344056216,226.7596012201852,0.008493981851306632,0.034231309713248316,0.9318938573117492,0.33490520285540354,0.0,0.25473894689576215,0.12627113710773186,3.8806068939455844,1.8485085492062319,0.06910047447502336,-0.0041155323449362236,0.31153794067443047,2.0,0.15913102069286295,0.9170429315969255,2.0,1.0,0.0,0.2987828710542516,0.8020800657572421,0.680700842624598,0.5061353107576196,0.6522258797260104,0.6771783406081846,0.15673528747833138,0.33375295584134096,7.0,1.0805988135229994,0.38269170915707,0.3404602941703927,0.32350047477813143,0.032666910344038506,0.0,0.38269170915707,0.33375295584134096,0.2872894938817764,xgboost,classification,-1,synthetic_95,"{""random_forest"": 0.683, ""xgboost"": 0.4468, ""gradient_boosting"": 0.7019, ""logistic_regression"": 0.609, ""lasso"": 0.7339, ""knn"": 0.6138, ""decision_tree"": 0.5322, ""svm"": 0.4522}"
7854,3,8.96890555068972,2.995732273553991,249.6275299007338,0.17191127938358738,0.029615068553104786,0.7862576409671227,0.14586827049373463,1.0,1.4770117570210375,0.6666170848793723,-0.2826280134876613,1.1452857062311692,0.0385115244464637,1.2163826785343712,0.48955746777241377,3.0,0.21296885423346973,0.9863320739855761,2.0,5.0,-1.0,0.6191727353658367,0.1679759458179143,0.07888485257518794,0.5115603401912336,0.5762373574970983,0.6215168531688098,0.6209348849843698,-0.04806524432888337,7.0,0.46508266324171,-0.026259241608574842,0.09041327871546084,0.11200956079683716,0.026324704276230595,0.0,0.11200956079683716,-0.04806524432888337,0.1653152859884797,lasso,classification,-1,synthetic_96,"{""random_forest"": 0.5552, ""xgboost"": 0.5639, ""gradient_boosting"": 0.5528, ""logistic_regression"": 0.8243, ""lasso"": 0.7585, ""knn"": 0.8578, ""decision_tree"": 0.9365, ""svm"": 0.6608}"
5261,30,8.568266461600238,1.3862943611198906,488.74552150713623,0.10895444539655777,0.006784415889613965,0.9255446773422935,0.029855372431771523,1.0,1.8154708663550254,0.9965656562889824,3.2025907949390238,1.5408944421479795,0.050595425470122954,1.766307410935735,0.0687105319309672,3.0,0.2648569830541838,0.8053480281523129,0.0,5.0,-1.0,0.9751799759755083,0.749883920937007,0.6203793708924212,0.6363578781419135,1.933429557938644,0.714059765621786,0.9313360515884402,-0.2466448948756409,7.0,0.614477923695441,-0.0968541982445496,0.14800980965712637,0.10771981685260218,0.10092477082787484,0.0,0.10771981685260218,-0.2466448948756409,0.16514153313088215,lasso,classification,-1,synthetic_97,"{""random_forest"": 0.5749, ""xgboost"": 0.7189, ""gradient_boosting"": 0.5901, ""logistic_regression"": 0.8487, ""lasso"": 0.6567, ""knn"": 0.4422, ""decision_tree"": 0.4913, ""svm"": 0.4336}"
1873,25,7.535830462798367,3.332204510175204,470.8469369109073,0.1297530772318772,0.04772829644294054,0.4060026200589743,0.1909664757921415,1.0,1.2036134678908945,0.5817366474211867,1.4087706745342592,0.6761688187325228,0.01902360338256282,-0.43303019775088725,0.0,0.0,0.08133040755274257,0.8067123167796306,2.0,5.0,-1.0,0.6981984306764998,0.19342487824804727,0.10363156055568103,0.5188838330496355,0.7336542642497047,0.44929711512096826,0.1253130711766037,0.09944235681146024,4.0,0.5909358492535186,0.36305717248855524,0.21198813640856826,0.230891595525666,0.3533094405704895,0.0,0.36305717248855524,0.09944235681146024,0.20351756565090393,svm,regression,-1,synthetic_98,"{""random_forest"": 0.8994, ""xgboost"": 0.618, ""gradient_boosting"": 0.563, ""logistic_regression"": 0.4789, ""lasso"": 0.4833, ""knn"": 0.638, ""decision_tree"": 0.7276, ""svm"": 0.4443}"
7306,38,8.896588071791218,3.044522437723423,160.4164182824189,0.039039432914376504,0.03392455843252906,0.526169791166436,0.39509981563967544,1.0,0.6513696041279065,0.39413604678262815,2.6200051772722084,1.60336858638261,0.07042779980184505,-0.3093758648441667,0.14034693864050538,2.0,0.49781891679740414,0.30724061238656164,1.0,1.0,1.0,0.481277951219237,0.7287075326393004,0.0,0.927739769429484,0.05391163587775878,0.8912606361280193,0.09527081767304353,0.45165487122013265,6.0,0.560669505102825,0.7004463962673084,0.052871863101548705,0.3205258838089445,0.31656390020279024,0.0,0.7004463962673084,0.45165487122013265,0.13195669191415046,random_forest,classification,-1,synthetic_99,"{""random_forest"": 0.6095, ""xgboost"": 0.43, ""gradient_boosting"": 0.7297, ""logistic_regression"": 0.8963, ""lasso"": 0.6108, ""knn"": 0.519, ""decision_tree"": 0.6434, ""svm"": 0.4266}"
4917,18,8.500657222776137,3.5263605246161616,275.1457741906339,0.12101790370810768,0.011024381970737462,0.7379555525990935,0.22864305979317756,1.0,0.3696767958940499,0.059587097353143714,2.6261559182886263,1.527384538700641,0.07851020563830123,-1.0929094987214172,0.0,0.0,0.33326098834651746,0.35527295136062553,4.0,5.0,1.0,0.012341046060374006,0.12866478984067695,0.0,0.8340320921766182,0.4958816013451445,0.6990045586643748,0.3912515767947994,0.3563900675842199,7.0,1.0234148942294017,0.2619248581814993,0.19331771398653008,0.005098504162947614,0.027243609889409017,0.0,0.2619248581814993,0.3563900675842199,0.11483523012091217,random_forest,regression,-1,synthetic_100,"{""random_forest"": 0.4799, ""xgboost"": 0.6781, ""gradient_boosting"": 0.4341, ""logistic_regression"": 0.4391, ""lasso"": 0.7156, ""knn"": 0.7113, ""decision_tree"": 0.8829, ""svm"": 0.7068}"
2162,18,7.679251425953058,2.3978952727983707,155.34011625697562,0.015437506045293592,0.008494353660952863,0.38886108962848087,0.04931351171957874,1.0,1.0371233773314679,0.2458474424934003,1.1488382991748667,1.979010666768645,0.10264713733880171,1.7959226681880054,0.4200526001555814,3.0,0.0712782775165578,0.5636762376344728,3.0,50.0,-1.0,0.07675806188873802,0.003768699265162079,0.47240998805325446,0.8016954502086129,1.2872208384348562,0.6053944049998059,0.49474763527171234,0.46783281632388024,5.0,1.1592381944562733,0.5727985806333249,0.008887392810232165,0.11563701578296577,0.18047727658028948,0.0,0.5727985806333249,0.46783281632388024,0.296561996113712,xgboost,classification,-1,synthetic_101,"{""random_forest"": 0.9323, ""xgboost"": 0.7024, ""gradient_boosting"": 0.9297, ""logistic_regression"": 0.4631, ""lasso"": 0.6697, ""knn"": 0.4932, ""decision_tree"": 0.428, ""svm"": 0.7396}"
2960,26,7.993282328101591,1.3862943611198906,210.73970595333438,0.19564413370531167,0.009044595068944917,0.8594105797733473,0.13367708566924397,0.0,1.4617406915523208,0.42001100429566285,2.47015857869924,1.6652235466522622,0.12062483474758262,1.4656927341588006,0.465095427645256,2.0,0.02980866267232951,0.7775148815974239,1.0,1.0,0.0,0.6522751108990502,0.41368013764716366,0.2525407319141244,0.8040925818028507,1.2410344752969387,0.6842761278023061,0.0685853011449064,-0.1337732632306468,5.0,1.3509120906728511,0.03133762278630167,0.1584003865542461,0.29071796615112694,0.13997514142828563,0.0,0.29071796615112694,-0.1337732632306468,0.039902939672198635,logistic_regression,classification,-1,synthetic_102,"{""random_forest"": 0.9221, ""xgboost"": 0.8838, ""gradient_boosting"": 0.8989, ""logistic_regression"": 0.9453, ""lasso"": 0.5146, ""knn"": 0.5955, ""decision_tree"": 0.7681, ""svm"": 0.6661}"
590,20,6.3818160174060985,3.295836866004329,373.7129822036205,0.005039818964213927,0.017741592777158133,0.8461488539749433,0.22555716842216095,1.0,0.5223248650217205,0.6949531193430477,2.4043456649364403,1.5924872189127743,0.1102537779284735,0.4404316881449386,0.0,0.0,0.244088837655407,0.3918956667105911,4.0,1.0,-1.0,0.9119595841996332,0.05483584954864795,0.5903129817885596,0.8123078363475839,0.37367482031499744,0.5595225371661199,0.4213589224314453,0.034711626702666865,4.0,0.5712519771244862,0.0968225783985552,0.29384332028421406,0.11025367751419861,0.07952562437496119,0.0,0.11025367751419861,0.034711626702666865,0.007183879581145047,lasso,regression,-1,synthetic_103,"{""random_forest"": 0.9178, ""xgboost"": 0.4959, ""gradient_boosting"": 0.6594, ""logistic_regression"": 0.4503, ""lasso"": 0.7441, ""knn"": 0.7028, ""decision_tree"": 0.6241, ""svm"": 0.6868}"
2576,11,7.854381210652365,1.3862943611198906,170.43626977938953,0.032924102647300967,0.009058592542501005,0.8534837713301175,0.153893030602978,1.0,0.8719903611411717,0.5940494655668112,2.537920970909286,0.13475374304385146,0.12473111795064984,-1.2906937871042423,0.10476288802700254,2.0,0.3615358180248344,0.8331429818084348,0.0,5.0,-1.0,0.21399467869831357,0.2549559631433196,0.2844699154589377,0.6801407762778473,1.6256135867806558,0.4069310679564301,0.6528850320342562,0.41725972677520823,2.0,0.6176045506992307,0.6901510524267452,0.11741391698346418,0.10351164690825723,0.25078737381148664,0.0,0.6901510524267452,0.41725972677520823,0.0797993079277974,xgboost,classification,-1,synthetic_104,"{""random_forest"": 0.7066, ""xgboost"": 0.7889, ""gradient_boosting"": 0.7644, ""logistic_regression"": 0.8442, ""lasso"": 0.8873, ""knn"": 0.8488, ""decision_tree"": 0.4104, ""svm"": 0.8048}"
166,15,5.117993812416755,3.6635616461296463,255.0285470036325,0.13497864061083095,0.011953319203751485,0.8306282947078516,0.3040022179848394,1.0,0.6251960498166003,0.41068263301028285,0.25814166458120513,1.9531220466458086,0.09684038655876175,1.7381755228620621,0.0,0.0,0.15169277181456658,0.839504729967854,0.0,1.0,-1.0,0.15188617233663027,0.29570233489721864,0.8076471457173434,0.5245097213150769,0.3730915008984552,0.8826048192728676,0.43390210046850114,-0.13328034110533468,5.0,0.41363578626679254,0.03025281859673197,0.20178237666774215,0.07722787086761196,0.10247660577574198,0.0,0.10247660577574198,-0.13328034110533468,0.09365692097073881,logistic_regression,regression,-1,synthetic_105,"{""random_forest"": 0.7549, ""xgboost"": 0.8099, ""gradient_boosting"": 0.5277, ""logistic_regression"": 0.6229, ""lasso"": 0.548, ""knn"": 0.5092, ""decision_tree"": 0.8309, ""svm"": 0.9001}"
7194,20,8.881141619321468,3.4339872044851463,303.98425054792233,0.09712937306685543,0.027296176665450003,0.9483436413190416,0.3485260988987414,1.0,1.570167314479514,0.273698457678371,4.470911772116549,0.1950153849277505,0.12799938248381817,-0.6873597105855689,0.11442261101503685,3.0,0.026886155830991687,0.7618563191261163,2.0,5.0,1.0,0.5105704087285036,0.10795764755787284,0.0,0.6404288200934093,1.6067681008017287,0.8307090230477587,0.14592703238841453,-0.0038142514523386017,3.0,0.16851075483594258,0.23945685842462458,0.2730610420176796,0.2843367534651528,0.2566274266739978,0.0,0.2843367534651528,-0.0038142514523386017,0.07068685535749451,knn,classification,-1,synthetic_106,"{""random_forest"": 0.8792, ""xgboost"": 0.5592, ""gradient_boosting"": 0.8308, ""logistic_regression"": 0.8418, ""lasso"": 0.9426, ""knn"": 0.7288, ""decision_tree"": 0.4451, ""svm"": 0.7558}"
6480,13,8.776630098427717,3.58351893845611,102.7059382712739,0.14407679971728915,0.025555681924475028,0.7230190875682239,0.18435933528263276,0.0,1.6574179676360128,0.8295627156830498,3.256332930946318,0.21080275479292454,0.12582807928561032,0.6840519221316392,0.0,0.0,0.34851208300214975,0.5504581598786714,0.0,15.0,0.0,0.30424186382719576,0.12532216013469857,0.4279281437094603,0.7754038384817549,0.6195389838061997,0.5630539262562868,0.08020679989309944,0.19998379870082822,4.0,1.3583251366391256,0.5627797703963492,0.25255039105735066,0.1341889993703906,0.33963920798347047,0.0,0.5627797703963492,0.19998379870082822,0.08116777694639742,xgboost,regression,-1,synthetic_107,"{""random_forest"": 0.9181, ""xgboost"": 0.564, ""gradient_boosting"": 0.8265, ""logistic_regression"": 0.6162, ""lasso"": 0.4766, ""knn"": 0.4059, ""decision_tree"": 0.6993, ""svm"": 0.9367}"
988,29,6.8966943316227125,1.6094379124341003,45.94839305520531,0.13262924979504176,0.029768318507843634,0.590601957794922,0.16887689355227123,1.0,1.5701278420928624,0.19571264009964906,3.9215199136693384,1.2974942277900363,0.06284546606692866,-0.16788553366452552,0.0,0.0,0.1283236035930479,0.8189588895609126,4.0,1.0,-1.0,0.6607985296909104,0.6717265958819174,0.4163341923946378,0.640207282812003,1.6928505093319113,0.5298016418542393,0.011627319541325187,-0.004691044952636392,4.0,0.10946541384997177,-0.002357884145609456,0.08169684254737156,0.02209546822278826,0.01330718846774337,0.0,0.02209546822278826,-0.004691044952636392,0.12560854299830526,logistic_regression,regression,-1,synthetic_108,"{""random_forest"": 0.4001, ""xgboost"": 0.9033, ""gradient_boosting"": 0.8641, ""logistic_regression"": 0.8083, ""lasso"": 0.4923, ""knn"": 0.4662, ""decision_tree"": 0.4372, ""svm"": 0.7982}"
315,38,5.755742213586912,2.1972245773362196,62.934189170873836,0.04652732767735499,0.03751303970436578,0.49215467145495473,0.2498655897134867,0.0,0.16232844892742904,0.4522024791035387,3.4345485319577183,1.373027886086505,0.12226081510137102,1.5098085064126754,0.0,0.0,0.3865917506293791,0.7633955426278589,1.0,1.0,0.0,0.534966673409444,0.03392795242336751,0.0657032336096646,0.8636305177022101,0.6482418036753156,0.6812146870589605,0.28665085424571357,0.44304636855030827,3.0,1.0767899585739154,0.691341462493126,0.39685425579143313,0.24885033668243392,0.2976114321390707,0.0,0.691341462493126,0.44304636855030827,0.2572591823255771,random_forest,regression,-1,synthetic_109,"{""random_forest"": 0.7885, ""xgboost"": 0.5901, ""gradient_boosting"": 0.4038, ""logistic_regression"": 0.6219, ""lasso"": 0.5291, ""knn"": 0.8504, ""decision_tree"": 0.5855, ""svm"": 0.8551}"
340,31,5.831882477283517,3.6109179126442243,421.5989026961283,0.06786456713114222,0.03544495563866581,0.9956487827647205,0.12585156357407953,1.0,1.3480350697679346,0.8443148641523824,4.4948455001040335,1.4358653818802036,0.04254118851257044,-0.6948713937242141,0.0,0.0,0.010379016061982105,0.8250113245933417,0.0,5.0,-1.0,0.8212501545597043,0.49016778399642225,0.1664282677204299,0.5350354338239464,1.9113419009617543,0.5234805834959463,0.8610488918990804,-0.29952164893216376,5.0,0.8801421501329969,-0.17319794094648575,0.19314050976404193,0.3421236903731126,0.17126206921204795,0.0,0.3421236903731126,-0.29952164893216376,0.06368569250057739,logistic_regression,regression,-1,synthetic_110,"{""random_forest"": 0.86, ""xgboost"": 0.6764, ""gradient_boosting"": 0.4079, ""logistic_regression"": 0.8416, ""lasso"": 0.9394, ""knn"": 0.7333, ""decision_tree"": 0.677, ""svm"": 0.8831}"
5235,39,8.56331312702979,2.70805020110221,400.25587514650385,0.14789384664774546,0.032276717820526116,0.4090412824061191,0.2188181382462311,1.0,0.1748930035997709,0.37736317679665077,1.4810991817397552,0.07962287889150765,0.04109821492049577,1.8225978690659574,0.0,0.0,0.47681630391484475,0.543105667434252,3.0,5.0,1.0,0.17909493932818155,0.3529960140901861,0.0,0.9265008640861534,0.290986136438998,0.7817579218341062,0.11759571398094515,0.462013431747679,7.0,0.76323299821827,0.4288925964358735,0.31009381555962245,0.10860796873659163,0.0670266157218026,0.0,0.4288925964358735,0.462013431747679,0.10277732484333954,random_forest,regression,-1,synthetic_111,"{""random_forest"": 0.5056, ""xgboost"": 0.4803, ""gradient_boosting"": 0.9159, ""logistic_regression"": 0.9047, ""lasso"": 0.8881, ""knn"": 0.744, ""decision_tree"": 0.8445, ""svm"": 0.438}"
1859,14,7.528331766707247,2.9444389791664403,351.0791321678492,0.07250039690630264,0.04119988259399892,0.44286136280903216,0.1876162990072616,1.0,1.6018774430828606,0.18015864773261925,-0.3408213175553023,1.7673679353759795,0.05143944941387938,0.7354804996361279,0.3286256199093763,5.0,0.01267430213196924,0.7761323530025201,0.0,15.0,-1.0,0.8536545489411119,0.6527583759190997,0.6199294532309884,0.66217731802435,0.1832716990988433,0.5010746996126354,0.5500354370898873,-0.032168766487456646,7.0,0.5959544709916875,0.1668817423092476,0.03590380022406286,0.33870998869180047,0.22077454442418662,0.0,0.33870998869180047,-0.032168766487456646,0.27324787940589457,logistic_regression,classification,-1,synthetic_112,"{""random_forest"": 0.6661, ""xgboost"": 0.4678, ""gradient_boosting"": 0.5692, ""logistic_regression"": 0.9093, ""lasso"": 0.4889, ""knn"": 0.9312, ""decision_tree"": 0.5132, ""svm"": 0.8079}"
251,20,5.529429087511423,2.995732273553991,192.320304931819,0.1519647316856777,0.01694117412114037,0.9664437126473018,0.29517110759952014,1.0,1.19485848514684,0.8808951605447525,-0.7023645499031035,0.5141253843784175,0.06975545013313648,-1.092085842113916,0.0,0.0,0.37195259365107597,0.9342535414270703,0.0,15.0,1.0,0.691416057513152,0.2355759901210342,0.0,0.7809083316488832,1.6604764487833255,0.4951684875475238,0.9180483859066142,0.1373418119178494,4.0,1.1379109665637015,0.3531042167931237,0.3048698348726579,0.10551207081058024,0.29154792179533645,0.0,0.3531042167931237,0.1373418119178494,0.24354201550526589,random_forest,regression,-1,synthetic_113,"{""random_forest"": 0.6385, ""xgboost"": 0.8667, ""gradient_boosting"": 0.5998, ""logistic_regression"": 0.8367, ""lasso"": 0.9175, ""knn"": 0.7428, ""decision_tree"": 0.8079, ""svm"": 0.8428}"
6804,9,8.825412915085566,2.833213344056216,277.39102471838265,0.04081287770932012,0.014595558674890364,0.8240260960072827,0.1930404942646083,1.0,0.4320628807861444,0.9672711903702976,3.290750118901327,1.9142696650795923,0.06406575680405148,-0.09959863723311813,0.0,0.0,0.4489776080925096,0.6622840447693153,4.0,1.0,-1.0,0.618290798754788,0.6126051359031633,0.34871981743958097,0.8000291884359154,1.0268317786596735,0.6143821455573417,0.06324414453560412,0.3760317191173141,3.0,1.9545676463538586,0.7223416828200976,0.09694147805470493,0.1681029905769745,0.23336860760737405,0.0,0.7223416828200976,0.3760317191173141,0.19899321285120058,random_forest,regression,-1,synthetic_114,"{""random_forest"": 0.7029, ""xgboost"": 0.4842, ""gradient_boosting"": 0.8005, ""logistic_regression"": 0.7301, ""lasso"": 0.8022, ""knn"": 0.8234, ""decision_tree"": 0.9365, ""svm"": 0.7155}"
5353,9,8.585599224080298,3.5553480614894135,428.7282226690684,0.06800087721197844,0.04348248424060857,0.36169410168368404,0.3107193748834523,0.0,1.6950952661094727,0.18181765283733875,1.5820791942332026,0.33099954932731124,0.10599061934913266,0.14139107224662695,0.13028724345357312,2.0,0.3176616733541605,0.4355760071997857,0.0,1.0,0.0,0.5180771651975611,0.6732144690294621,0.7578961762351605,0.8764389008424065,1.4116272787547892,0.8642984407653191,0.7413560745197709,-0.026687109847518542,7.0,0.5301625686771452,0.18505082400172887,0.278476980120436,0.11403860440680703,0.24565327047500723,0.0,0.24565327047500723,-0.026687109847518542,0.05786117060688428,logistic_regression,classification,-1,synthetic_115,"{""random_forest"": 0.6927, ""xgboost"": 0.8519, ""gradient_boosting"": 0.4558, ""logistic_regression"": 0.8355, ""lasso"": 0.8464, ""knn"": 0.6653, ""decision_tree"": 0.4315, ""svm"": 0.496}"
7388,14,8.907747686788648,2.4849066497880004,209.86590816856724,0.055927263698641254,0.006818516373378292,0.8096085804573381,0.325259062067194,1.0,0.5149579522874497,0.7744194946063033,1.3133213864078828,1.0133715817080056,0.1284001612339729,0.9998147272096314,0.37743401196485993,5.0,0.40255842565808886,0.3944231649445862,3.0,50.0,1.0,0.9226451396035721,0.4521346379748859,0.0,0.6475477973082163,1.4768935037737119,0.41835647174153334,0.48002131598321474,0.26594102012954596,5.0,1.704424782403348,0.5071011993302657,0.016373577749738157,0.23333997816237956,0.30488482332567085,0.0,0.5071011993302657,0.26594102012954596,0.014898447437915662,random_forest,classification,-1,synthetic_116,"{""random_forest"": 0.4347, ""xgboost"": 0.5785, ""gradient_boosting"": 0.77, ""logistic_regression"": 0.5855, ""lasso"": 0.4988, ""knn"": 0.5547, ""decision_tree"": 0.6517, ""svm"": 0.6615}"
855,34,6.752270376141742,3.367295829986474,238.46410794863934,0.15838712459275284,0.0201153520691186,0.5974674633437013,0.1531532589136734,1.0,1.4381512410216235,0.5475178840599945,4.662668668210214,0.5017806330682095,0.015084409812516651,-0.42695405960313915,0.1579189784929656,3.0,0.308356353823388,0.8939512664716915,4.0,1.0,1.0,0.5709070537521448,0.29918402295692864,0.0,0.641989931298411,0.2221810016838298,0.5833991603231342,0.108499722184235,0.32640018507776164,5.0,1.986530392859493,0.547342280808429,0.34742281129978436,0.2690614959768795,0.20196458050005572,0.0,0.547342280808429,0.32640018507776164,0.1693919573688606,xgboost,classification,-1,synthetic_117,"{""random_forest"": 0.5565, ""xgboost"": 0.6845, ""gradient_boosting"": 0.8665, ""logistic_regression"": 0.7768, ""lasso"": 0.5595, ""knn"": 0.5108, ""decision_tree"": 0.5459, ""svm"": 0.4934}"
5212,14,8.558910784768106,1.6094379124341003,17.85379666301033,0.19273703773740983,0.018849308364342083,0.722249143469653,0.031886029274914,0.0,1.366228571446093,0.9325667087059609,2.4539915179845178,0.25223064475082113,0.0872582291210215,1.0653888524186095,0.4607603601835378,2.0,0.20320826828700933,0.9070880460796127,4.0,5.0,0.0,0.19195543899572576,0.6473109771397321,0.4917663667909189,0.6221977048298686,0.6392680939010268,0.8224854268200508,0.4815591286848353,-0.22348744318102723,5.0,1.352796737820012,-0.07696802794155178,0.12038652785264868,0.19572634611896034,0.09989767169174209,0.0,0.19572634611896034,-0.22348744318102723,0.055213431615064056,lasso,classification,-1,synthetic_118,"{""random_forest"": 0.6608, ""xgboost"": 0.5242, ""gradient_boosting"": 0.7391, ""logistic_regression"": 0.4222, ""lasso"": 0.5794, ""knn"": 0.6577, ""decision_tree"": 0.4814, ""svm"": 0.9416}"
7411,14,8.91085558740525,3.367295829986474,410.1610691687955,0.17704777574151306,0.004335328379782011,0.6768541714707159,0.3652918745117082,1.0,0.7759455087957727,0.8295658314283686,-0.19782607360338278,1.8707889793355974,0.11271349762969539,1.7653375711476067,0.0,0.0,0.33830861677625323,0.5507487130796046,1.0,50.0,-1.0,0.42864427920853176,0.5656519532125835,0.754747998780566,0.596820029730825,1.258661118544485,0.8618324187748263,0.9975429498609482,-0.13272210832830858,4.0,1.595996070438448,0.16995109088247906,0.2954184213587854,0.11126663582064925,0.32342821365895613,0.0,0.32342821365895613,-0.13272210832830858,0.01913836687607936,lasso,regression,-1,synthetic_119,"{""random_forest"": 0.5555, ""xgboost"": 0.5675, ""gradient_boosting"": 0.9406, ""logistic_regression"": 0.7535, ""lasso"": 0.7947, ""knn"": 0.9371, ""decision_tree"": 0.6075, ""svm"": 0.841}"
4853,17,8.487558386286548,3.4339872044851463,121.88231366061932,0.011691597447375402,0.014996469873653313,0.6320160654079012,0.06720802087707144,1.0,0.7095945793127774,0.3999830182935685,-0.6556489378703587,1.166614496368409,0.13265151419569313,-1.3930283481877903,0.29415799713468005,3.0,0.298904006700757,0.7586700513884839,3.0,5.0,1.0,0.70109758736427,0.36965838914191085,0.0,0.7270867795898457,0.02463255866330969,0.7458600570673444,0.6647292521552772,0.047624770643596326,4.0,1.0289792046240775,0.1423381546097321,0.34273413988927054,0.046670563560729635,0.10959551261720724,0.0,0.1423381546097321,0.047624770643596326,0.1400634297369313,logistic_regression,classification,-1,synthetic_120,"{""random_forest"": 0.6949, ""xgboost"": 0.7945, ""gradient_boosting"": 0.644, ""logistic_regression"": 0.9164, ""lasso"": 0.5622, ""knn"": 0.6615, ""decision_tree"": 0.8163, ""svm"": 0.779}"
5855,33,8.675222055641148,3.258096538021482,87.63953822305392,0.012441018305138198,0.04113514608586032,0.517967357924809,0.1606787571039106,1.0,1.0055003832192246,0.8394532342095508,2.9049993293689096,1.2301292597156226,0.026350814993386606,0.05275956683931904,0.0,0.0,0.3576905085893276,0.9715500092910392,3.0,5.0,1.0,0.22748160369353998,0.14956649964877428,0.0,0.6497282644296706,1.8804495020425607,0.5715133562950122,0.988242835195089,0.39091284193372494,3.0,0.6584612306827891,0.6863320613554829,0.020992684039891032,0.30721229170191866,0.16686571159028085,0.0,0.6863320613554829,0.39091284193372494,0.13507088600178518,xgboost,regression,-1,synthetic_121,"{""random_forest"": 0.5935, ""xgboost"": 0.7881, ""gradient_boosting"": 0.6869, ""logistic_regression"": 0.4686, ""lasso"": 0.9288, ""knn"": 0.7498, ""decision_tree"": 0.8212, ""svm"": 0.4436}"
3745,12,8.228443883004033,3.5263605246161616,444.8380223314765,0.1787867021339981,0.01679081823207673,0.7305488278102885,0.37076302485834567,1.0,1.924116997882703,0.5089590404220475,1.7169488317059605,0.5573886318570516,0.1438307809785615,-1.4287427821085306,0.32265356683076735,2.0,0.2899147880238625,0.49495968458786077,4.0,5.0,-1.0,0.8236455947530908,0.6381013601937416,0.024395987102609797,0.7644321439767989,1.6429776607550548,0.5961335207617735,0.4530763365550013,-0.26235329643198485,2.0,0.8791258835457973,0.043051503461406675,0.20418405253857652,0.18743986558422937,0.31340060103516354,0.0,0.31340060103516354,-0.26235329643198485,0.0776377225093572,logistic_regression,classification,-1,synthetic_122,"{""random_forest"": 0.4478, ""xgboost"": 0.5668, ""gradient_boosting"": 0.9316, ""logistic_regression"": 0.9196, ""lasso"": 0.5842, ""knn"": 0.714, ""decision_tree"": 0.9003, ""svm"": 0.4034}"
3289,4,8.098642843759418,3.6635616461296463,376.86225443518595,0.04262842386278734,0.04335886772256761,0.9690902030226145,0.09468612233794792,1.0,1.7652309150344916,0.09697876251609538,-0.6657589833085289,0.25844760020549873,0.008661161920055399,1.3800489486231036,0.0,0.0,0.029525072229135974,0.48744829204092227,4.0,50.0,1.0,0.5151670283865888,0.8912566535264471,0.0,0.7751037453114767,0.7482376880584164,0.786076013807919,0.17875788646582563,0.3485468562700736,2.0,1.7914527110302292,0.6103881195627365,0.011577726697346824,0.0049688220651032955,0.21501605745613853,0.0,0.6103881195627365,0.3485468562700736,0.07189373548726698,xgboost,regression,-1,synthetic_123,"{""random_forest"": 0.5847, ""xgboost"": 0.6826, ""gradient_boosting"": 0.8382, ""logistic_regression"": 0.5859, ""lasso"": 0.788, ""knn"": 0.5031, ""decision_tree"": 0.8128, ""svm"": 0.5298}"
4298,33,8.366137716496281,3.6109179126442243,192.3013482279816,0.018489903407413324,0.022895014756353572,0.5761355735872002,0.34682407295157897,1.0,0.4879906047049445,0.9667342275351081,4.748828718826977,0.4952632861428774,0.05220779332159807,1.58222296349554,0.25048301652192256,2.0,0.48331111044805375,0.6059729809568704,3.0,50.0,-1.0,0.1606336126185507,0.15572148277604791,0.5140792655666223,0.6200474286307658,0.24786643039868486,0.5151596123414388,0.11534764527381615,-0.18516419524498565,2.0,0.7069463841214412,0.17068514738390791,0.1262532861468609,0.303792869355816,0.34537263111575384,0.0,0.34537263111575384,-0.18516419524498565,0.147305928800673,lasso,classification,-1,synthetic_124,"{""random_forest"": 0.5057, ""xgboost"": 0.5702, ""gradient_boosting"": 0.9362, ""logistic_regression"": 0.6261, ""lasso"": 0.6446, ""knn"": 0.7171, ""decision_tree"": 0.9408, ""svm"": 0.5329}"
7519,36,8.925321416943886,2.8903717578961645,24.873364711172087,0.16876257273166123,0.023016452532138257,0.4523115579521511,0.05351125799758721,1.0,1.906614335164745,0.07266558758115671,0.19456051961555398,0.6956446948660919,0.09303522734416807,0.17920434110439354,0.0,0.0,0.06282174620615699,0.4999123087793681,0.0,5.0,1.0,0.27114225338058806,0.684295399263724,0.0,0.825085123008595,0.02470988387414312,0.6545677064607995,0.1479262875542659,0.24502568842594713,7.0,1.9529130588708203,0.1935510866795795,0.38186654275162757,0.17223220362253427,0.003106656861587487,0.0,0.1935510866795795,0.24502568842594713,0.24004127482562276,xgboost,regression,-1,synthetic_125,"{""random_forest"": 0.4374, ""xgboost"": 0.5743, ""gradient_boosting"": 0.5467, ""logistic_regression"": 0.6783, ""lasso"": 0.8278, ""knn"": 0.8721, ""decision_tree"": 0.8647, ""svm"": 0.5978}"
454,5,6.12029741895095,3.6375861597263857,409.88525292798806,0.19678127277943272,0.0454871843356342,0.896253237062379,0.021029759124401262,1.0,0.20883073899623605,0.5689831943041228,2.1888754776909254,0.915926428979071,0.05951839881218763,-0.27515806054268444,0.4968245596023082,2.0,0.2846489670673976,0.301432797144056,4.0,15.0,-1.0,0.5182797206887111,0.6499944888062816,0.2032556690010528,0.5783705115779283,1.0982935358369916,0.7572298419428909,0.45018138133476565,0.2497874747685464,4.0,0.8985363169312734,0.31194700871668285,0.11857795509766125,0.04796848098985441,0.07040990201645352,0.0,0.31194700871668285,0.2497874747685464,0.2788948823103985,random_forest,classification,-1,synthetic_126,"{""random_forest"": 0.7589, ""xgboost"": 0.429, ""gradient_boosting"": 0.6454, ""logistic_regression"": 0.7047, ""lasso"": 0.5639, ""knn"": 0.6503, ""decision_tree"": 0.49, ""svm"": 0.5673}"
4195,24,8.341886969516187,2.0794415416798357,26.844660592345356,0.12779260439465692,0.00407236064455796,0.6045102160381564,0.11706203906696314,1.0,1.0908559004234262,0.13341633552320709,3.149860411839909,1.5900230738569407,0.024503167461473473,-1.5827476505924714,0.10128464920365852,3.0,0.07275774139367958,0.905218017709966,4.0,5.0,-1.0,0.4672609960075026,0.09604063719211885,0.7508923161744587,0.7923002030406328,1.7373191878712289,0.8140929346617265,0.6297941618909932,0.19688505992816246,4.0,0.6314868049680742,0.4819605962652137,0.24860748961361942,0.22624258132983113,0.2309413604878671,0.0,0.4819605962652137,0.19688505992816246,0.06595858691069306,xgboost,classification,-1,synthetic_127,"{""random_forest"": 0.8947, ""xgboost"": 0.4734, ""gradient_boosting"": 0.6127, ""logistic_regression"": 0.8516, ""lasso"": 0.9332, ""knn"": 0.6497, ""decision_tree"": 0.6788, ""svm"": 0.7147}"
1117,13,7.0192966537150445,3.4011973816621555,119.27481353152916,0.08157918747430937,0.01738912015244436,0.3151518929428885,0.036711042588470334,1.0,1.3619065828071524,0.8793244633625606,2.0853620675958657,1.078382159027266,0.038264014924856905,1.0715054545348455,0.0,0.0,0.3758972936836282,0.7059723255601831,2.0,50.0,1.0,0.09701821823708945,0.0578147182714133,0.0,0.7667132299892949,1.6518202850941721,0.8291652158904624,0.4689858536000153,0.44587851330696876,7.0,1.857111065788272,0.5673429306649088,0.2564344414328638,0.008625541622712934,0.10542059179871113,0.0,0.5673429306649088,0.44587851330696876,0.09349587499639467,xgboost,regression,-1,synthetic_128,"{""random_forest"": 0.4363, ""xgboost"": 0.9349, ""gradient_boosting"": 0.598, ""logistic_regression"": 0.6628, ""lasso"": 0.5954, ""knn"": 0.7754, ""decision_tree"": 0.7642, ""svm"": 0.7934}"
5985,18,8.697178688412643,3.1780538303479458,435.98262748625024,0.1473652911503008,0.02505201184923017,0.7009323730685607,0.05489085864674843,1.0,1.8753229212331841,0.3519297707317768,1.6768955387430173,1.3433204619957975,0.05008537072898309,-0.9829633560442779,0.09613813920251063,2.0,0.3155246966351103,0.31723901677447613,3.0,1.0,-1.0,0.5140233698765098,0.545178357468841,0.1257231353426448,0.7843460716610983,1.0588298114202017,0.691266888720368,0.6869503188809758,-0.0854854163104633,3.0,1.1648701537765918,0.1925809057727211,0.07463603874926701,0.3404777955797554,0.2862943705643181,0.0,0.3404777955797554,-0.0854854163104633,0.05646965993071368,logistic_regression,classification,-1,synthetic_129,"{""random_forest"": 0.4314, ""xgboost"": 0.7233, ""gradient_boosting"": 0.8622, ""logistic_regression"": 0.4096, ""lasso"": 0.427, ""knn"": 0.715, ""decision_tree"": 0.8507, ""svm"": 0.5797}"
4411,29,8.392083380373393,1.6094379124341003,341.33591571470424,0.17172002139649967,0.04813662919305695,0.7398429822846111,0.0736405293443828,0.0,0.2113006908978614,0.8128509715367578,2.4725388581599956,1.2365700420274397,0.11721931331320638,0.8131089109298064,0.24833256848791863,5.0,0.4172291264280483,0.3387875947673161,4.0,1.0,0.0,0.49722919501999574,0.8552763123625631,0.754559674282971,0.6349723204091287,0.04814409617470578,0.6159946857317204,0.042681816541323976,-0.02030848095382226,6.0,1.15958568766591,0.29955776627906716,0.06660141881980604,0.2412959968549636,0.28624828678871433,0.0,0.29955776627906716,-0.02030848095382226,0.2136660615531476,logistic_regression,classification,-1,synthetic_130,"{""random_forest"": 0.5295, ""xgboost"": 0.6719, ""gradient_boosting"": 0.9032, ""logistic_regression"": 0.5164, ""lasso"": 0.4793, ""knn"": 0.8174, ""decision_tree"": 0.6753, ""svm"": 0.9015}"
6169,7,8.727454116899434,3.6375861597263857,91.05587454292056,0.0004646812263860545,0.04919654700712012,0.9342962752892354,0.022178094281536567,0.0,1.6660685278821399,0.4578049325592066,0.5537696301498514,1.7574930473538597,0.029500084858546088,1.7891999976802677,0.308268111255342,3.0,0.10281074384967054,0.723441399532833,3.0,1.0,0.0,0.5456686649686348,0.6155776169236272,0.7494243717144781,0.5856025688690619,1.0465627075743515,0.6345298721950595,0.08032704718930782,-0.18270835427212617,7.0,0.18603481852534998,0.030641021616925935,0.05754718653733191,0.31907151979796644,0.19736268016535807,0.0,0.31907151979796644,-0.18270835427212617,0.03139813210394434,logistic_regression,classification,-1,synthetic_131,"{""random_forest"": 0.8376, ""xgboost"": 0.4778, ""gradient_boosting"": 0.4717, ""logistic_regression"": 0.7539, ""lasso"": 0.5085, ""knn"": 0.4537, ""decision_tree"": 0.4918, ""svm"": 0.9081}"
7948,11,8.980801413573113,3.5263605246161616,495.8959280510018,0.03272324082765526,0.03458888195709912,0.7720055015900171,0.3919821789433114,1.0,1.9712014679056007,0.6866786117241295,0.4616887518931656,1.597111676261198,0.016054370131655716,1.1227972166865148,0.0,0.0,0.4550980620723482,0.5641550423902203,3.0,1.0,-1.0,0.4892388614277745,0.1959738343506198,0.19647280063036107,0.5352357517158008,1.1511293324577656,0.4491724607951066,0.4547818014870833,0.35717700222095267,4.0,0.34956256974986766,0.36601577973865634,0.34989745986262644,0.17868209145459563,0.021877269830507064,0.0,0.36601577973865634,0.35717700222095267,0.22122943242813664,xgboost,regression,-1,synthetic_132,"{""random_forest"": 0.437, ""xgboost"": 0.5474, ""gradient_boosting"": 0.9017, ""logistic_regression"": 0.7482, ""lasso"": 0.7966, ""knn"": 0.5414, ""decision_tree"": 0.7957, ""svm"": 0.4155}"
5660,20,8.64135583403666,3.1354942159291497,411.64173136242493,0.19987006009444006,0.010571562899945559,0.48561951882834886,0.2651439150538663,0.0,1.9308972692012425,0.9158143481907439,2.0172531203935096,1.5902205650534493,0.020361877964985158,1.9097527368160492,0.0,0.0,0.48217661701799325,0.41297298093662793,2.0,15.0,0.0,0.10015499750676693,0.24454583900836174,0.8418823420036807,0.867180105236843,0.7628480582588664,0.4441984835733792,0.3488032695311155,0.0002570766184110673,7.0,0.8378584478748379,0.33025033131905296,0.20582471613931938,0.3039934907750432,0.39192141415237525,0.0,0.39192141415237525,0.0002570766184110673,0.21268928013713323,knn,regression,-1,synthetic_133,"{""random_forest"": 0.4758, ""xgboost"": 0.4299, ""gradient_boosting"": 0.4102, ""logistic_regression"": 0.479, ""lasso"": 0.7619, ""knn"": 0.8001, ""decision_tree"": 0.8326, ""svm"": 0.534}"
1229,15,7.114769448366463,1.791759469228055,242.52144568499597,0.16321135142286472,0.021603364253330887,0.8574735058337961,0.23816592064804337,0.0,1.7731908830047967,0.4109425523501099,2.625826518928873,1.2600373612376548,0.062607441270071,-1.422751825250074,0.37934273177892536,3.0,0.046779703456167776,0.31150336991374683,4.0,1.0,0.0,0.23647491223869455,0.19035607435359125,0.3250944530782306,0.8312159301917295,0.6468320650439096,0.6530223462059184,0.17088595464448172,-0.05528414939078405,2.0,0.38469272630783014,0.18978718081370977,0.2869491096251894,0.18717981319841734,0.2549208626152096,0.0,0.2549208626152096,-0.05528414939078405,0.1993018099817047,logistic_regression,classification,-1,synthetic_134,"{""random_forest"": 0.4105, ""xgboost"": 0.7794, ""gradient_boosting"": 0.92, ""logistic_regression"": 0.7477, ""lasso"": 0.6394, ""knn"": 0.6888, ""decision_tree"": 0.5098, ""svm"": 0.8128}"
4424,30,8.39502555744203,2.0794415416798357,293.32700679941183,0.11952648797378007,0.036946522767473615,0.3204189246035203,0.21649528577353205,1.0,0.10581486654132877,0.7011442199666534,-0.6656320857940932,1.8234556966832653,0.10531238503267448,0.029559060340628385,0.15485853397857566,3.0,0.22075196164058747,0.390164114985151,1.0,15.0,-1.0,0.9167560031187467,0.7207362898737752,0.5295881164081071,0.7030085314090286,1.440211539285864,0.6931177493903808,0.49744337821423645,0.2971358640078792,3.0,0.16335952973270795,0.3509020065255482,0.08708995951956089,0.08285216654884152,0.0843052397719625,0.0,0.3509020065255482,0.2971358640078792,0.0751020802144158,random_forest,classification,-1,synthetic_135,"{""random_forest"": 0.6548, ""xgboost"": 0.6678, ""gradient_boosting"": 0.9142, ""logistic_regression"": 0.7504, ""lasso"": 0.8943, ""knn"": 0.6511, ""decision_tree"": 0.4822, ""svm"": 0.9115}"
3866,8,8.260234291607297,3.091042453358316,63.646359373807044,0.19316733376151674,0.008739249394168298,0.7536212226386498,0.09818178501557218,1.0,1.4351227652970715,0.7768213672402811,3.040518373468596,1.228998920510385,0.13387036409280176,-1.6854931560409678,0.0,0.0,0.1654573828900976,0.4713183609452837,2.0,1.0,-1.0,0.5333083624587408,0.8963942841906297,0.365699007867391,0.8602412473070364,1.6928277623325985,0.7176324936795404,0.051144249789535974,0.06696409253403063,3.0,1.85012911289411,0.405514904814864,0.1464452471715005,0.18104525941400867,0.3706341532873525,0.0,0.405514904814864,0.06696409253403063,0.031091017944238672,svm,regression,-1,synthetic_136,"{""random_forest"": 0.5879, ""xgboost"": 0.5862, ""gradient_boosting"": 0.4039, ""logistic_regression"": 0.7741, ""lasso"": 0.854, ""knn"": 0.4806, ""decision_tree"": 0.4878, ""svm"": 0.8345}"
7590,8,8.934718614016768,3.6635616461296463,49.52818602167691,0.13446965352857296,0.03445907052137583,0.5390285846259096,0.08624390609721791,1.0,1.627420541514616,0.21710322946989036,2.252162417998278,1.936417681725811,0.022177865679357565,1.7635050699788355,0.45456079219226775,2.0,0.09144652653433433,0.6915358135360283,1.0,5.0,-1.0,0.5375811380515143,0.5182132240100787,0.12062240488709261,0.7903175374854066,0.04376856733777825,0.8801833873110652,0.05414221180680255,0.19303259868331574,2.0,0.02802903505211396,0.3226042130630221,0.2267433733176379,0.29546506353842855,0.04630401849852986,0.0,0.3226042130630221,0.19303259868331574,0.2796800651762917,random_forest,classification,-1,synthetic_137,"{""random_forest"": 0.8525, ""xgboost"": 0.4073, ""gradient_boosting"": 0.6981, ""logistic_regression"": 0.6528, ""lasso"": 0.6744, ""knn"": 0.4397, ""decision_tree"": 0.7764, ""svm"": 0.6768}"
5542,24,8.620291149419804,2.772588722239781,25.35790774084469,0.023889776792857156,0.03111514895370131,0.9540941517897596,0.08261376158880257,0.0,1.4700522982101976,0.8664510632490415,2.1252930706850663,1.3385315916873155,0.12225229750142222,-0.9572993690376257,0.1275738629473248,2.0,0.1484478371340215,0.30043298647363476,0.0,15.0,0.0,0.099237664919681,0.08164879447304778,0.5518046151623174,0.6182129646508708,1.750784464482447,0.4644512925367495,0.7227968346011718,0.3121190798890113,3.0,1.2462757074956508,0.3761057708042858,0.14242691964765794,0.02551445815507925,0.0628815534227817,0.0,0.3761057708042858,0.3121190798890113,0.2366741888897601,xgboost,classification,-1,synthetic_138,"{""random_forest"": 0.7516, ""xgboost"": 0.5296, ""gradient_boosting"": 0.7925, ""logistic_regression"": 0.8805, ""lasso"": 0.4697, ""knn"": 0.8766, ""decision_tree"": 0.7265, ""svm"": 0.4699}"
5760,19,8.658866349732383,2.833213344056216,269.3410495903592,0.11687918431789149,0.039843078513809554,0.5386765944237393,0.3221865132162347,1.0,0.6772224582252651,0.05543298894123383,2.325125906028747,1.175804649789629,0.140181036843279,0.9042453042498977,0.09760843412275953,3.0,0.45888632624721976,0.9267595750676765,4.0,5.0,-1.0,0.5277620653364475,0.50169687044724,0.7331625504233255,0.9402488634547614,1.5486037065764482,0.45313295239619794,0.780644122713586,0.04203348428776965,6.0,0.9213455833099864,0.4443197861810953,0.12283509734409948,0.1797312533596195,0.3744652166203986,0.0,0.4443197861810953,0.04203348428776965,0.010547775081358245,logistic_regression,classification,-1,synthetic_139,"{""random_forest"": 0.6993, ""xgboost"": 0.7034, ""gradient_boosting"": 0.5961, ""logistic_regression"": 0.646, ""lasso"": 0.931, ""knn"": 0.6075, ""decision_tree"": 0.542, ""svm"": 0.5339}"
1189,39,7.081708586105575,2.1972245773362196,459.3676219402085,0.11668524302881822,0.02313051516284892,0.8728103566075671,0.273330545051092,1.0,0.3671282284338657,0.8209192136130002,1.573306336368261,0.3779713199423502,0.042269602559473866,-0.9298918790066306,0.0,0.0,0.25960348730173005,0.46171536256773404,1.0,5.0,1.0,0.19598018470176193,0.8493897439908129,0.0,0.9394203475165492,0.7587560653675397,0.8616430105069679,0.5493764289166975,0.06621169016330736,3.0,1.8293891206741142,0.0692751683481095,0.1974174638357812,0.25296903660377845,0.09502400582710796,0.0,0.25296903660377845,0.06621169016330736,0.13607184288455243,svm,regression,-1,synthetic_140,"{""random_forest"": 0.5458, ""xgboost"": 0.7696, ""gradient_boosting"": 0.4286, ""logistic_regression"": 0.4625, ""lasso"": 0.4022, ""knn"": 0.9497, ""decision_tree"": 0.8413, ""svm"": 0.8327}"
495,22,6.206575926724928,2.8903717578961645,322.79153191405806,0.13987694819747346,0.005600585653410284,0.8946251009499886,0.21313885291330395,1.0,0.9426435882101367,0.9810976245135096,3.442269781646118,0.23601205323874974,0.1134808750839361,-1.619004264108522,0.3501345665692318,2.0,0.013735281256492426,0.578501867736229,0.0,1.0,-1.0,0.9461868939912612,0.5217942975862316,0.792139259619233,0.7430977700503784,0.11014263653998124,0.431453738009012,0.195473323413521,0.10778086023054378,2.0,1.4867057911400248,0.18117068023983138,0.28933212159758526,0.10971707594625764,0.0779986950084079,0.0,0.18117068023983138,0.10778086023054378,0.04081687032949288,gradient_boosting,classification,-1,synthetic_141,"{""random_forest"": 0.4851, ""xgboost"": 0.5656, ""gradient_boosting"": 0.5369, ""logistic_regression"": 0.6048, ""lasso"": 0.5401, ""knn"": 0.6689, ""decision_tree"": 0.6241, ""svm"": 0.9426}"
7211,4,8.883501584323207,2.8903717578961645,300.8132437527072,0.042023555188042905,0.005816586356663062,0.9790818204929024,0.008792725923849165,1.0,1.6053948106720433,0.7880351495750221,0.783284683070576,0.2712532320146268,0.02184429700581351,0.78972646894877,0.07452917483617381,2.0,0.32140329554308683,0.8400945152334569,2.0,15.0,-1.0,0.6386726361204053,0.12711932822390162,0.460744767613735,0.914282661519849,0.19632945773392219,0.8775315935631183,0.6148171236086432,-0.25525891989741945,6.0,1.8400801050918072,-0.10668299506904208,0.2601020284374646,0.06919160609007063,0.2108030498326135,0.0,0.2108030498326135,-0.25525891989741945,0.027125693337498223,logistic_regression,classification,-1,synthetic_142,"{""random_forest"": 0.5422, ""xgboost"": 0.5855, ""gradient_boosting"": 0.6212, ""logistic_regression"": 0.4282, ""lasso"": 0.6731, ""knn"": 0.4678, ""decision_tree"": 0.6205, ""svm"": 0.5929}"
4481,30,8.407824654360873,3.4339872044851463,33.14018948242986,0.03528795409407006,0.04779515861940912,0.3492837536817599,0.1419724803872065,1.0,1.0063583341026892,0.49328082733856005,-0.9762403419271435,1.0023254629149807,0.05756586869661138,1.8883173418982286,0.30458391173190563,2.0,0.07957954199691492,0.5443663957640515,2.0,1.0,1.0,0.3906935371009488,0.5992477448866763,0.0,0.596980785896496,0.44993239009984376,0.7646054742504266,0.5052876134913978,0.31827206674120273,4.0,1.2134324039400077,0.6421445614409236,0.06671493407346966,0.12656256144888633,0.312229090328376,0.0,0.6421445614409236,0.31827206674120273,0.23922616618249928,random_forest,classification,-1,synthetic_143,"{""random_forest"": 0.4474, ""xgboost"": 0.6551, ""gradient_boosting"": 0.4957, ""logistic_regression"": 0.5856, ""lasso"": 0.4099, ""knn"": 0.6202, ""decision_tree"": 0.7024, ""svm"": 0.7408}"
5124,8,8.54188580400661,3.4657359027997265,471.0311541073275,0.1341729774003812,0.033221189329633895,0.616928036396118,0.334216089817483,1.0,1.9232255168665664,0.7750818003391192,2.7316204025402553,1.2135857916426736,0.12742048523754934,0.16481506308519345,0.2628457671641687,3.0,0.4019299431244113,0.6511308260702295,0.0,5.0,1.0,0.7136073662634715,0.18676034584639112,0.0,0.7559657313952428,1.7367690740821338,0.6160581184009647,0.9669248625210836,0.2307922761029681,3.0,0.6058903357801679,0.3527751938433151,0.29783879038523037,0.017798698272537394,0.07623041860687754,0.0,0.3527751938433151,0.2307922761029681,0.2893296538703942,random_forest,classification,-1,synthetic_144,"{""random_forest"": 0.9459, ""xgboost"": 0.7841, ""gradient_boosting"": 0.5616, ""logistic_regression"": 0.7696, ""lasso"": 0.7862, ""knn"": 0.6044, ""decision_tree"": 0.4097, ""svm"": 0.7868}"
1425,19,7.262628600974241,3.58351893845611,266.884813063491,0.13414546508852018,0.013471972315182752,0.4942659634316748,0.37336525080938193,0.0,1.4470691466621772,0.5771866762233089,2.8863203265236717,0.05859888620683673,0.09271544483425452,0.03803549289680763,0.0,0.0,0.27287483988971784,0.5480024405132637,1.0,5.0,0.0,0.668670884897893,0.28387475213281516,0.33857142189265993,0.8071696759015874,1.7442621980972028,0.5187430211810999,0.9791303605587007,-0.2826399237795667,7.0,1.0761893282422226,-0.14001308445956015,0.20348239368650667,0.18408130191551078,0.146936206110912,0.0,0.18408130191551078,-0.2826399237795667,0.0729373591268006,lasso,regression,-1,synthetic_145,"{""random_forest"": 0.4925, ""xgboost"": 0.5045, ""gradient_boosting"": 0.6534, ""logistic_regression"": 0.5575, ""lasso"": 0.5361, ""knn"": 0.7549, ""decision_tree"": 0.758, ""svm"": 0.8535}"
121,11,4.804021044733257,3.6109179126442243,473.05837618176207,0.13472196639933903,0.0032449639769204734,0.6260079043672482,0.09609800738572156,1.0,0.9396086428973631,0.45546557200636173,2.492868816888452,0.7135409806985025,0.024640567418389207,0.014877738359825088,0.3640389779084649,2.0,0.41510144217288103,0.7581684373666455,0.0,1.0,-1.0,0.19269109469296797,0.5457475052847475,0.8994026519851539,0.804858509407988,1.0562829699996188,0.7590508689780113,0.585639408449338,0.03416685357838073,6.0,1.9357291319027106,0.08992031342008457,0.35593455763532433,0.1566250867336499,0.07013369655074397,0.0,0.1566250867336499,0.03416685357838073,0.18016043046192445,decision_tree,classification,-1,synthetic_146,"{""random_forest"": 0.4153, ""xgboost"": 0.5357, ""gradient_boosting"": 0.6528, ""logistic_regression"": 0.7457, ""lasso"": 0.7065, ""knn"": 0.8084, ""decision_tree"": 0.5539, ""svm"": 0.7107}"
2750,31,7.919719760924575,3.1354942159291497,480.50685546758405,0.1320671661028255,0.026135472703380055,0.3165143774465571,0.16549315903213194,0.0,0.5984968385203209,0.7481056678874892,0.2496660509212747,0.41044017458814364,0.028427856485606515,-1.4975375473750563,0.11322828639886698,2.0,0.1555035018354437,0.9112862589659632,0.0,5.0,0.0,0.7352512163067935,0.7176031250849664,0.5052945401398119,0.6212380501983072,1.7760089645974506,0.4686516875708022,0.34298226944842614,-0.2294862052873663,7.0,0.20581017668400126,0.18467813974415892,0.29205207511056996,0.15527601207950031,0.3396175036714387,0.0,0.3396175036714387,-0.2294862052873663,0.11617381446104248,lasso,classification,-1,synthetic_147,"{""random_forest"": 0.6711, ""xgboost"": 0.4995, ""gradient_boosting"": 0.8041, ""logistic_regression"": 0.5387, ""lasso"": 0.6699, ""knn"": 0.4415, ""decision_tree"": 0.7398, ""svm"": 0.7662}"
2368,13,7.7702232041587855,3.58351893845611,41.16470382512071,0.11033759356129234,0.04205480853080507,0.997794498997008,0.17213726947562902,1.0,0.640597484993485,0.9066532969519989,0.14745277445672822,1.2308578300658533,0.060857163627142156,-1.8356705401777789,0.17098769524055296,2.0,0.17364423715284888,0.48300768052684545,3.0,1.0,1.0,0.8831930529236085,0.8533786560687606,0.0,0.719037971758542,1.4076267090452166,0.825984626777921,0.3630428237456423,0.002939367978226859,7.0,1.8680659822612786,0.29639655899268885,0.3065405122229561,0.18871782794456002,0.2891356815600849,0.0,0.29639655899268885,0.002939367978226859,0.1973849733613777,knn,classification,-1,synthetic_148,"{""random_forest"": 0.7561, ""xgboost"": 0.9329, ""gradient_boosting"": 0.7927, ""logistic_regression"": 0.9086, ""lasso"": 0.6844, ""knn"": 0.4644, ""decision_tree"": 0.6905, ""svm"": 0.4698}"
6742,14,8.816260208734581,2.5649493574615367,355.932780364901,0.04764188709512323,0.019433737533547525,0.6105910129207675,0.3565255742425823,0.0,0.8226605806624736,0.14522501991524905,2.1458896300407257,1.9259159892972593,0.09115284615762165,1.9335488818422903,0.48669734699784384,2.0,0.42055365446943505,0.3248163717872548,2.0,1.0,0.0,0.8076258695629751,0.6943260103736457,0.24165442552755179,0.9118124691822032,1.7104857174623915,0.741587781619909,0.06180952872765621,0.17399478334112406,2.0,1.691021621681121,0.3497502962436534,0.3196328583087818,0.292855390150325,0.1969607036817343,0.0,0.3497502962436534,0.17399478334112406,0.15254371059240782,xgboost,classification,-1,synthetic_149,"{""random_forest"": 0.8649, ""xgboost"": 0.7999, ""gradient_boosting"": 0.9394, ""logistic_regression"": 0.4856, ""lasso"": 0.5241, ""knn"": 0.5165, ""decision_tree"": 0.8359, ""svm"": 0.5028}"
